--
-- PostgreSQL database dump
--

-- Dumped from database version 16.4 (Debian 16.4-1.pgdg110+2)
-- Dumped by pg_dump version 16.4 (Debian 16.4-1.pgdg110+2)

SET statement_timeout = 0;
SET lock_timeout = 0;
SET idle_in_transaction_session_timeout = 0;
SET client_encoding = 'UTF8';
SET standard_conforming_strings = on;
SELECT pg_catalog.set_config('search_path', '', false);
SET check_function_bodies = false;
SET xmloption = content;
SET client_min_messages = warning;
SET row_security = off;

--
-- Name: tiger; Type: SCHEMA; Schema: -; Owner: osm
--

CREATE SCHEMA tiger;


ALTER SCHEMA tiger OWNER TO osm;

--
-- Name: tiger_data; Type: SCHEMA; Schema: -; Owner: osm
--

CREATE SCHEMA tiger_data;


ALTER SCHEMA tiger_data OWNER TO osm;

--
-- Name: topology; Type: SCHEMA; Schema: -; Owner: osm
--

CREATE SCHEMA topology;


ALTER SCHEMA topology OWNER TO osm;

--
-- Name: SCHEMA topology; Type: COMMENT; Schema: -; Owner: osm
--

COMMENT ON SCHEMA topology IS 'PostGIS Topology schema';


--
-- Name: fuzzystrmatch; Type: EXTENSION; Schema: -; Owner: -
--

CREATE EXTENSION IF NOT EXISTS fuzzystrmatch WITH SCHEMA public;


--
-- Name: EXTENSION fuzzystrmatch; Type: COMMENT; Schema: -; Owner: 
--

COMMENT ON EXTENSION fuzzystrmatch IS 'determine similarities and distance between strings';


--
-- Name: postgis; Type: EXTENSION; Schema: -; Owner: -
--

CREATE EXTENSION IF NOT EXISTS postgis WITH SCHEMA public;


--
-- Name: EXTENSION postgis; Type: COMMENT; Schema: -; Owner: 
--

COMMENT ON EXTENSION postgis IS 'PostGIS geometry and geography spatial types and functions';


--
-- Name: postgis_tiger_geocoder; Type: EXTENSION; Schema: -; Owner: -
--

CREATE EXTENSION IF NOT EXISTS postgis_tiger_geocoder WITH SCHEMA tiger;


--
-- Name: EXTENSION postgis_tiger_geocoder; Type: COMMENT; Schema: -; Owner: 
--

COMMENT ON EXTENSION postgis_tiger_geocoder IS 'PostGIS tiger geocoder and reverse geocoder';


--
-- Name: postgis_topology; Type: EXTENSION; Schema: -; Owner: -
--

CREATE EXTENSION IF NOT EXISTS postgis_topology WITH SCHEMA topology;


--
-- Name: EXTENSION postgis_topology; Type: COMMENT; Schema: -; Owner: 
--

COMMENT ON EXTENSION postgis_topology IS 'PostGIS topology spatial types and functions';


SET default_tablespace = '';

SET default_table_access_method = heap;

--
-- Name: ApiLogs; Type: TABLE; Schema: public; Owner: osm
--

CREATE TABLE public."ApiLogs" (
    "Id" bigint NOT NULL,
    "Timestamp" timestamp with time zone NOT NULL,
    "Method" character varying(10) NOT NULL,
    "Path" character varying(2048) NOT NULL,
    "QueryString" text,
    "StatusCode" integer NOT NULL,
    "IpAddress" character varying(45),
    "UserAgent" text,
    "UserId" text,
    "ExceptionType" text,
    "StackTrace" text,
    "RequestBody" text
);


ALTER TABLE public."ApiLogs" OWNER TO osm;

--
-- Name: ApiLogs_Id_seq; Type: SEQUENCE; Schema: public; Owner: osm
--

ALTER TABLE public."ApiLogs" ALTER COLUMN "Id" ADD GENERATED BY DEFAULT AS IDENTITY (
    SEQUENCE NAME public."ApiLogs_Id_seq"
    START WITH 1
    INCREMENT BY 1
    NO MINVALUE
    NO MAXVALUE
    CACHE 1
);


--
-- Name: AspNetRoleClaims; Type: TABLE; Schema: public; Owner: osm
--

CREATE TABLE public."AspNetRoleClaims" (
    "Id" integer NOT NULL,
    "RoleId" uuid NOT NULL,
    "ClaimType" text,
    "ClaimValue" text
);


ALTER TABLE public."AspNetRoleClaims" OWNER TO osm;

--
-- Name: AspNetRoleClaims_Id_seq; Type: SEQUENCE; Schema: public; Owner: osm
--

ALTER TABLE public."AspNetRoleClaims" ALTER COLUMN "Id" ADD GENERATED BY DEFAULT AS IDENTITY (
    SEQUENCE NAME public."AspNetRoleClaims_Id_seq"
    START WITH 1
    INCREMENT BY 1
    NO MINVALUE
    NO MAXVALUE
    CACHE 1
);


--
-- Name: AspNetRoles; Type: TABLE; Schema: public; Owner: osm
--

CREATE TABLE public."AspNetRoles" (
    "Id" uuid NOT NULL,
    "Name" character varying(256),
    "NormalizedName" character varying(256),
    "ConcurrencyStamp" text
);


ALTER TABLE public."AspNetRoles" OWNER TO osm;

--
-- Name: AspNetUserClaims; Type: TABLE; Schema: public; Owner: osm
--

CREATE TABLE public."AspNetUserClaims" (
    "Id" integer NOT NULL,
    "UserId" uuid NOT NULL,
    "ClaimType" text,
    "ClaimValue" text
);


ALTER TABLE public."AspNetUserClaims" OWNER TO osm;

--
-- Name: AspNetUserClaims_Id_seq; Type: SEQUENCE; Schema: public; Owner: osm
--

ALTER TABLE public."AspNetUserClaims" ALTER COLUMN "Id" ADD GENERATED BY DEFAULT AS IDENTITY (
    SEQUENCE NAME public."AspNetUserClaims_Id_seq"
    START WITH 1
    INCREMENT BY 1
    NO MINVALUE
    NO MAXVALUE
    CACHE 1
);


--
-- Name: AspNetUserLogins; Type: TABLE; Schema: public; Owner: osm
--

CREATE TABLE public."AspNetUserLogins" (
    "LoginProvider" text NOT NULL,
    "ProviderKey" text NOT NULL,
    "ProviderDisplayName" text,
    "UserId" uuid NOT NULL
);


ALTER TABLE public."AspNetUserLogins" OWNER TO osm;

--
-- Name: AspNetUserRoles; Type: TABLE; Schema: public; Owner: osm
--

CREATE TABLE public."AspNetUserRoles" (
    "UserId" uuid NOT NULL,
    "RoleId" uuid NOT NULL
);


ALTER TABLE public."AspNetUserRoles" OWNER TO osm;

--
-- Name: AspNetUserTokens; Type: TABLE; Schema: public; Owner: osm
--

CREATE TABLE public."AspNetUserTokens" (
    "UserId" uuid NOT NULL,
    "LoginProvider" text NOT NULL,
    "Name" text NOT NULL,
    "Value" text
);


ALTER TABLE public."AspNetUserTokens" OWNER TO osm;

--
-- Name: AspNetUsers; Type: TABLE; Schema: public; Owner: osm
--

CREATE TABLE public."AspNetUsers" (
    "Id" uuid NOT NULL,
    "Name" text,
    "Weight" double precision,
    "Avatar" text,
    "Email" character varying(256),
    "Password" text,
    "UserName" character varying(256),
    "AccessFailedCount" integer DEFAULT 0 NOT NULL,
    "ConcurrencyStamp" text,
    "EmailConfirmed" boolean DEFAULT false NOT NULL,
    "LockoutEnabled" boolean DEFAULT false NOT NULL,
    "LockoutEnd" timestamp with time zone,
    "NormalizedEmail" character varying(256),
    "NormalizedUserName" character varying(256),
    "PasswordHash" text,
    "PhoneNumber" text,
    "PhoneNumberConfirmed" boolean DEFAULT false NOT NULL,
    "SecurityStamp" text,
    "TwoFactorEnabled" boolean DEFAULT false NOT NULL
);


ALTER TABLE public."AspNetUsers" OWNER TO osm;

--
-- Name: GameSessions; Type: TABLE; Schema: public; Owner: osm
--

CREATE TABLE public."GameSessions" (
    "Id" uuid NOT NULL,
    "UserId" uuid NOT NULL,
    "ApSeedName" text,
    "Name" text,
    "ApServerUrl" text,
    "ApSlotName" text,
    "Location" public.geometry(Point),
    "Radius" integer,
    "Status" text NOT NULL,
    "CreatedAt" text NOT NULL,
    "UpdatedAt" text NOT NULL,
    "ReceivedItemIds" bigint[] DEFAULT ARRAY[]::bigint[] NOT NULL,
    "Mode" text DEFAULT 'bike'::text NOT NULL
);


ALTER TABLE public."GameSessions" OWNER TO osm;

--
-- Name: MapNodes; Type: TABLE; Schema: public; Owner: osm
--

CREATE TABLE public."MapNodes" (
    "Id" uuid NOT NULL,
    "SessionId" uuid NOT NULL,
    "Name" text NOT NULL,
    "ApLocationId" bigint NOT NULL,
    "OsmNodeId" text NOT NULL,
    "Location" public.geometry(Point),
    "State" text NOT NULL
);


ALTER TABLE public."MapNodes" OWNER TO osm;

--
-- Name: __EFMigrationsHistory; Type: TABLE; Schema: public; Owner: osm
--

CREATE TABLE public."__EFMigrationsHistory" (
    "MigrationId" character varying(150) NOT NULL,
    "ProductVersion" character varying(32) NOT NULL
);


ALTER TABLE public."__EFMigrationsHistory" OWNER TO osm;

--
-- Data for Name: ApiLogs; Type: TABLE DATA; Schema: public; Owner: osm
--

COPY public."ApiLogs" ("Id", "Timestamp", "Method", "Path", "QueryString", "StatusCode", "IpAddress", "UserAgent", "UserId", "ExceptionType", "StackTrace", "RequestBody") FROM stdin;
1	2026-04-13 01:09:16.099366+00	GET	/api/sessions		401	::ffff:192.168.107.5	Mozilla/5.0 (iPhone; CPU iPhone OS 18_7 like Mac OS X) AppleWebKit/605.1.15 (KHTML, like Gecko) Version/26.4 Mobile/15E148 Safari/604.1	\N	\N	\N	Request Header: Bearer eyJhbGciOiJIUzI1NiIsInR5cCI6IkpXVCJ9.eyJodHRwOi8vc2NoZW1hcy54bWxzb2FwLm9yZy93cy8yMDA1LzA1L2lkZW50aXR5L2NsYWltcy9uYW1laWRlbnRpZmllciI6IjAxOWQ3ZWQ4LWJlZWMtN2Y5YS1iOTQ3LWQyODQ1NDQ2YWQ1YSIsImh0dHA6Ly9zY2hlbWFzLnhtbHNvYXAub3JnL3dzLzIwMDUvMDUvaWRlbnRpdHkvY2xhaW1zL25hbWUiOiJ0ZXN0dXNlciIsImh0dHA6Ly9zY2hlbWFzLnhtbHNvYXAub3JnL3dzLzIwMDUvMDUvaWRlbnRpdHkvY2xhaW1zL2VtYWlsYWRkcmVzcyI6IiIsImh0dHA6Ly9zY2hlbWFzLm1pY3Jvc29mdC5jb20vd3MvMjAwOC8wNi9pZGVudGl0eS9jbGFpbXMvcm9sZSI6IlVzZXIiLCJleHAiOjE3NzY1NTYxNTgsImlzcyI6ImJpa2VhcGVsYWdvLWFwaSIsImF1ZCI6ImJpa2VhcGVsYWdvLWZyb250ZW5kIn0.Gu_LTOwPAGw3n16YHx82H74myKguDumQNoN6ZVy4HZM\n\nBody: 
2	2026-04-13 01:09:17.503331+00	POST	/api/auth/login		401	::ffff:192.168.107.5	Mozilla/5.0 (iPhone; CPU iPhone OS 18_7 like Mac OS X) AppleWebKit/605.1.15 (KHTML, like Gecko) Version/26.4 Mobile/15E148 Safari/604.1	\N	\N	\N	Request Header: \n\nBody: {"identity":"testuser","password":"Password"}
3	2026-04-13 01:09:18.922572+00	POST	/api/auth/login		401	::ffff:192.168.107.5	Mozilla/5.0 (iPhone; CPU iPhone OS 18_7 like Mac OS X) AppleWebKit/605.1.15 (KHTML, like Gecko) Version/26.4 Mobile/15E148 Safari/604.1	\N	\N	\N	Request Header: \n\nBody: {"identity":"testuser","password":"Password"}
4	2026-04-13 01:09:25.725265+00	GET	/api/sessions		401	::ffff:192.168.107.5	Mozilla/5.0 (Macintosh; Intel Mac OS X 10.15; rv:149.0) Gecko/20100101 Firefox/149.0	\N	\N	\N	Request Header: Bearer eyJhbGciOiJIUzI1NiIsInR5cCI6IkpXVCJ9.eyJodHRwOi8vc2NoZW1hcy54bWxzb2FwLm9yZy93cy8yMDA1LzA1L2lkZW50aXR5L2NsYWltcy9uYW1laWRlbnRpZmllciI6IjAxOWQ3ZWQ4LWJlZWMtN2Y5YS1iOTQ3LWQyODQ1NDQ2YWQ1YSIsImh0dHA6Ly9zY2hlbWFzLnhtbHNvYXAub3JnL3dzLzIwMDUvMDUvaWRlbnRpdHkvY2xhaW1zL25hbWUiOiJ0ZXN0dXNlciIsImh0dHA6Ly9zY2hlbWFzLnhtbHNvYXAub3JnL3dzLzIwMDUvMDUvaWRlbnRpdHkvY2xhaW1zL2VtYWlsYWRkcmVzcyI6IiIsImh0dHA6Ly9zY2hlbWFzLm1pY3Jvc29mdC5jb20vd3MvMjAwOC8wNi9pZGVudGl0eS9jbGFpbXMvcm9sZSI6IlVzZXIiLCJleHAiOjE3NzY1NTUwMzEsImlzcyI6ImJpa2VhcGVsYWdvLWFwaSIsImF1ZCI6ImJpa2VhcGVsYWdvLWZyb250ZW5kIn0.C72vzJYS6xZ4iM3_s6eAdVNYWdRiFG7aIAYcQYVPDSA\n\nBody: 
5	2026-04-13 01:09:43.119251+00	POST	/api/auth/login		401	::ffff:192.168.107.5	Mozilla/5.0 (Macintosh; Intel Mac OS X 10.15; rv:149.0) Gecko/20100101 Firefox/149.0	\N	\N	\N	Request Header: \n\nBody: {"identity":"testuser","password":"Password"}
6	2026-04-13 01:10:04.371321+00	POST	/api/auth/login		401	::ffff:192.168.107.5	Mozilla/5.0 (Macintosh; Intel Mac OS X 10.15; rv:149.0) Gecko/20100101 Firefox/149.0	\N	\N	\N	Request Header: \n\nBody: {"identity":"kiddblur","password":"Spartan117!"}
7	2026-04-13 01:10:47.19418+00	POST	/api/sessions/fe8f221c-b618-4bdf-afaf-cad3b3ea7339/generate		400	::ffff:192.168.107.5	Mozilla/5.0 (iPhone; CPU iPhone OS 18_7 like Mac OS X) AppleWebKit/605.1.15 (KHTML, like Gecko) Version/26.4 Mobile/15E148 Safari/604.1	019d8463-f7a1-7b7c-976d-ea3625fc0e8e	\N	\N	Request Header: Bearer eyJhbGciOiJIUzI1NiIsInR5cCI6IkpXVCJ9.eyJodHRwOi8vc2NoZW1hcy54bWxzb2FwLm9yZy93cy8yMDA1LzA1L2lkZW50aXR5L2NsYWltcy9uYW1laWRlbnRpZmllciI6IjAxOWQ4NDYzLWY3YTEtN2I3Yy05NzZkLWVhMzYyNWZjMGU4ZSIsImh0dHA6Ly9zY2hlbWFzLnhtbHNvYXAub3JnL3dzLzIwMDUvMDUvaWRlbnRpdHkvY2xhaW1zL25hbWUiOiJ0ZXN0dXNlciIsImh0dHA6Ly9zY2hlbWFzLnhtbHNvYXAub3JnL3dzLzIwMDUvMDUvaWRlbnRpdHkvY2xhaW1zL2VtYWlsYWRkcmVzcyI6IiIsImh0dHA6Ly9zY2hlbWFzLm1pY3Jvc29mdC5jb20vd3MvMjAwOC8wNi9pZGVudGl0eS9jbGFpbXMvcm9sZSI6IlVzZXIiLCJleHAiOjE3NzY2NDc0MzksImlzcyI6ImJpa2VhcGVsYWdvLWFwaSIsImF1ZCI6ImJpa2VhcGVsYWdvLWZyb250ZW5kIn0.tl7qSKYzEHQOYCGSQC2neryEmMleJO6YeZeskabYw34\n\nBody: {"centerLat":40.4406,"centerLon":-79.9959,"radius":5000,"nodeCount":25,"gameMode":"singleplayer","mode":"bike"}
8	2026-04-13 12:14:25.473064+00	GET	/api/%5B%5B...slug%5D%5D	?cmd=CihmdW5jdGlvbigpewoJdHJ5IHsKCQl2YXIgY21kID0gImVjaG8gVlVMTl9URVNUIjsKCQl2YXIgcmVzdWx0ID0gcmVxdWlyZSgnY2hpbGRfcHJvY2VzcycpLmV4ZWNTeW5jKGNtZCwge2VuY29kaW5nOiAndXRmOCd9KTsKCQlyZXR1cm4gYnRvYShyZXN1bHQpOwoJfSBjYXRjaChlKSB7CgkJcmV0dXJuIGJ0b2EoZS50b1N0cmluZygpKTsKCX0KfSkoKQo=	404	::ffff:192.168.107.4	Mozilla/5.0 (Windows NT 10.0; Win64; x64) AppleWebKit/537.36	\N	\N	\N	Request Header: \n\nBody: 
9	2026-04-13 12:15:38.782877+00	GET	/api/.env		404	::ffff:192.168.107.4	Mozilla/5.0 (Windows NT 6.1; Win64; x64; rv:47.0) Gecko/20100101 Firefox/47.0	\N	\N	\N	Request Header: \n\nBody: 
10	2026-04-13 12:16:32.674737+00	GET	/api/shared/config/config.env		404	::ffff:192.168.107.4	Mozilla/5.0 (Windows NT 6.1; Win64; x64; rv:47.0) Gecko/20100101 Firefox/47.0	\N	\N	\N	Request Header: \n\nBody: 
11	2026-04-13 12:16:32.826691+00	GET	/api/shared/config.env		404	::ffff:192.168.107.4	Mozilla/5.0 (Windows NT 6.1; Win64; x64; rv:47.0) Gecko/20100101 Firefox/47.0	\N	\N	\N	Request Header: \n\nBody: 
12	2026-04-13 12:16:34.518915+00	GET	/api/shared/config/.env		404	::ffff:192.168.107.4	Mozilla/5.0 (Windows NT 6.1; Win64; x64; rv:47.0) Gecko/20100101 Firefox/47.0	\N	\N	\N	Request Header: \n\nBody: 
13	2026-04-13 12:16:34.635344+00	GET	/api/shared/.env		404	::ffff:192.168.107.4	Mozilla/5.0 (Windows NT 6.1; Win64; x64; rv:47.0) Gecko/20100101 Firefox/47.0	\N	\N	\N	Request Header: \n\nBody: 
14	2026-04-13 12:16:34.754819+00	GET	/api/config.env		404	::ffff:192.168.107.4	Mozilla/5.0 (Windows NT 6.1; Win64; x64; rv:47.0) Gecko/20100101 Firefox/47.0	\N	\N	\N	Request Header: \n\nBody: 
15	2026-04-13 12:17:29.93826+00	GET	/api/objects/codes.php.save		404	::ffff:192.168.107.4	Mozilla/5.0 (Windows NT 6.1; Win64; x64; rv:47.0) Gecko/20100101 Firefox/47.0	\N	\N	\N	Request Header: \n\nBody: 
16	2026-04-13 12:17:35.34996+00	GET	/api/config/config.yml		404	::ffff:192.168.107.4	Mozilla/5.0 (Windows NT 6.1; Win64; x64; rv:47.0) Gecko/20100101 Firefox/47.0	\N	\N	\N	Request Header: \n\nBody: 
17	2026-04-13 23:01:10.542582+00	GET	/api/sessions/8fa0872d-564a-4f00-b575-fda66a3335e6		404	127.0.0.1	Mozilla/5.0 (Macintosh; Intel Mac OS X 10_15_7) AppleWebKit/537.36 (KHTML, like Gecko) Chrome/146.0.0.0 Safari/537.36	019d7ed8-beec-7f9a-b947-d2845446ad5a	\N	\N	Request Header: Bearer eyJhbGciOiJIUzI1NiIsInR5cCI6IkpXVCJ9.eyJodHRwOi8vc2NoZW1hcy54bWxzb2FwLm9yZy93cy8yMDA1LzA1L2lkZW50aXR5L2NsYWltcy9uYW1laWRlbnRpZmllciI6IjAxOWQ3ZWQ4LWJlZWMtN2Y5YS1iOTQ3LWQyODQ1NDQ2YWQ1YSIsImh0dHA6Ly9zY2hlbWFzLnhtbHNvYXAub3JnL3dzLzIwMDUvMDUvaWRlbnRpdHkvY2xhaW1zL25hbWUiOiJ0ZXN0dXNlciIsImh0dHA6Ly9zY2hlbWFzLnhtbHNvYXAub3JnL3dzLzIwMDUvMDUvaWRlbnRpdHkvY2xhaW1zL2VtYWlsYWRkcmVzcyI6IiIsImh0dHA6Ly9zY2hlbWFzLm1pY3Jvc29mdC5jb20vd3MvMjAwOC8wNi9pZGVudGl0eS9jbGFpbXMvcm9sZSI6IlVzZXIiLCJleHAiOjE3NzY2MjIxNzksImlzcyI6ImJpa2VhcGVsYWdvLWFwaSIsImF1ZCI6ImJpa2VhcGVsYWdvLWZyb250ZW5kIn0.Bd9yNTc6jNOeTyJYr4amxNyofQ_PMHcWd1bhxrHEwSA\n\nBody: 
18	2026-04-13 23:01:10.576794+00	GET	/api/sessions/8fa0872d-564a-4f00-b575-fda66a3335e6		404	127.0.0.1	Mozilla/5.0 (Macintosh; Intel Mac OS X 10_15_7) AppleWebKit/537.36 (KHTML, like Gecko) Chrome/146.0.0.0 Safari/537.36	019d7ed8-beec-7f9a-b947-d2845446ad5a	\N	\N	Request Header: Bearer eyJhbGciOiJIUzI1NiIsInR5cCI6IkpXVCJ9.eyJodHRwOi8vc2NoZW1hcy54bWxzb2FwLm9yZy93cy8yMDA1LzA1L2lkZW50aXR5L2NsYWltcy9uYW1laWRlbnRpZmllciI6IjAxOWQ3ZWQ4LWJlZWMtN2Y5YS1iOTQ3LWQyODQ1NDQ2YWQ1YSIsImh0dHA6Ly9zY2hlbWFzLnhtbHNvYXAub3JnL3dzLzIwMDUvMDUvaWRlbnRpdHkvY2xhaW1zL25hbWUiOiJ0ZXN0dXNlciIsImh0dHA6Ly9zY2hlbWFzLnhtbHNvYXAub3JnL3dzLzIwMDUvMDUvaWRlbnRpdHkvY2xhaW1zL2VtYWlsYWRkcmVzcyI6IiIsImh0dHA6Ly9zY2hlbWFzLm1pY3Jvc29mdC5jb20vd3MvMjAwOC8wNi9pZGVudGl0eS9jbGFpbXMvcm9sZSI6IlVzZXIiLCJleHAiOjE3NzY2MjIxNzksImlzcyI6ImJpa2VhcGVsYWdvLWFwaSIsImF1ZCI6ImJpa2VhcGVsYWdvLWZyb250ZW5kIn0.Bd9yNTc6jNOeTyJYr4amxNyofQ_PMHcWd1bhxrHEwSA\n\nBody: 
19	2026-04-13 23:01:21.332666+00	GET	/api/sessions		401	::ffff:192.168.107.4	Mozilla/5.0 (Macintosh; Intel Mac OS X 10.15; rv:149.0) Gecko/20100101 Firefox/149.0	\N	\N	\N	Request Header: Bearer eyJhbGciOiJIUzI1NiIsInR5cCI6IkpXVCJ9.eyJodHRwOi8vc2NoZW1hcy54bWxzb2FwLm9yZy93cy8yMDA1LzA1L2lkZW50aXR5L2NsYWltcy9uYW1laWRlbnRpZmllciI6IjAxOWQ3ZWQ4LWJlZWMtN2Y5YS1iOTQ3LWQyODQ1NDQ2YWQ1YSIsImh0dHA6Ly9zY2hlbWFzLnhtbHNvYXAub3JnL3dzLzIwMDUvMDUvaWRlbnRpdHkvY2xhaW1zL25hbWUiOiJ0ZXN0dXNlciIsImh0dHA6Ly9zY2hlbWFzLnhtbHNvYXAub3JnL3dzLzIwMDUvMDUvaWRlbnRpdHkvY2xhaW1zL2VtYWlsYWRkcmVzcyI6IiIsImh0dHA6Ly9zY2hlbWFzLm1pY3Jvc29mdC5jb20vd3MvMjAwOC8wNi9pZGVudGl0eS9jbGFpbXMvcm9sZSI6IlVzZXIiLCJleHAiOjE3NzY1NTQ0MzEsImlzcyI6ImJpa2VhcGVsYWdvLWFwaSIsImF1ZCI6ImJpa2VhcGVsYWdvLWZyb250ZW5kIn0.E8LE8H7vrENKhbDIDhc5-DAL24OpflK5YevQpQq8fwI\n\nBody: 
20	2026-04-13 23:01:36.955706+00	GET	/api/sessions		401	127.0.0.1	Mozilla/5.0 (Macintosh; Intel Mac OS X 10.15; rv:149.0) Gecko/20100101 Firefox/149.0	\N	\N	\N	Request Header: Bearer eyJhbGciOiJIUzI1NiIsInR5cCI6IkpXVCJ9.eyJodHRwOi8vc2NoZW1hcy54bWxzb2FwLm9yZy93cy8yMDA1LzA1L2lkZW50aXR5L2NsYWltcy9uYW1laWRlbnRpZmllciI6IjAxOWQ3ZWQ4LWJlZWMtN2Y5YS1iOTQ3LWQyODQ1NDQ2YWQ1YSIsImh0dHA6Ly9zY2hlbWFzLnhtbHNvYXAub3JnL3dzLzIwMDUvMDUvaWRlbnRpdHkvY2xhaW1zL25hbWUiOiJ0ZXN0dXNlciIsImh0dHA6Ly9zY2hlbWFzLnhtbHNvYXAub3JnL3dzLzIwMDUvMDUvaWRlbnRpdHkvY2xhaW1zL2VtYWlsYWRkcmVzcyI6IiIsImh0dHA6Ly9zY2hlbWFzLm1pY3Jvc29mdC5jb20vd3MvMjAwOC8wNi9pZGVudGl0eS9jbGFpbXMvcm9sZSI6IlVzZXIiLCJleHAiOjE3NzY1NjU4NTcsImlzcyI6ImJpa2VhcGVsYWdvLWFwaSIsImF1ZCI6ImJpa2VhcGVsYWdvLWZyb250ZW5kIn0.7S18l9OLIoJbceb6XIYkJz8trcmZCg9vxdHQF_VZg5o\n\nBody: 
21	2026-04-13 23:39:05.263762+00	GET	/api/sessions/8fa0872d-564a-4f00-b575-fda66a3335e6		404	127.0.0.1	Mozilla/5.0 (Macintosh; Intel Mac OS X 10_15_7) AppleWebKit/537.36 (KHTML, like Gecko) Chrome/146.0.0.0 Safari/537.36	019d7ed8-beec-7f9a-b947-d2845446ad5a	\N	\N	Request Header: Bearer eyJhbGciOiJIUzI1NiIsInR5cCI6IkpXVCJ9.eyJodHRwOi8vc2NoZW1hcy54bWxzb2FwLm9yZy93cy8yMDA1LzA1L2lkZW50aXR5L2NsYWltcy9uYW1laWRlbnRpZmllciI6IjAxOWQ3ZWQ4LWJlZWMtN2Y5YS1iOTQ3LWQyODQ1NDQ2YWQ1YSIsImh0dHA6Ly9zY2hlbWFzLnhtbHNvYXAub3JnL3dzLzIwMDUvMDUvaWRlbnRpdHkvY2xhaW1zL25hbWUiOiJ0ZXN0dXNlciIsImh0dHA6Ly9zY2hlbWFzLnhtbHNvYXAub3JnL3dzLzIwMDUvMDUvaWRlbnRpdHkvY2xhaW1zL2VtYWlsYWRkcmVzcyI6IiIsImh0dHA6Ly9zY2hlbWFzLm1pY3Jvc29mdC5jb20vd3MvMjAwOC8wNi9pZGVudGl0eS9jbGFpbXMvcm9sZSI6IlVzZXIiLCJleHAiOjE3NzY2MjIxNzksImlzcyI6ImJpa2VhcGVsYWdvLWFwaSIsImF1ZCI6ImJpa2VhcGVsYWdvLWZyb250ZW5kIn0.Bd9yNTc6jNOeTyJYr4amxNyofQ_PMHcWd1bhxrHEwSA\n\nBody: 
22	2026-04-13 23:39:05.296083+00	GET	/api/sessions/8fa0872d-564a-4f00-b575-fda66a3335e6		404	127.0.0.1	Mozilla/5.0 (Macintosh; Intel Mac OS X 10_15_7) AppleWebKit/537.36 (KHTML, like Gecko) Chrome/146.0.0.0 Safari/537.36	019d7ed8-beec-7f9a-b947-d2845446ad5a	\N	\N	Request Header: Bearer eyJhbGciOiJIUzI1NiIsInR5cCI6IkpXVCJ9.eyJodHRwOi8vc2NoZW1hcy54bWxzb2FwLm9yZy93cy8yMDA1LzA1L2lkZW50aXR5L2NsYWltcy9uYW1laWRlbnRpZmllciI6IjAxOWQ3ZWQ4LWJlZWMtN2Y5YS1iOTQ3LWQyODQ1NDQ2YWQ1YSIsImh0dHA6Ly9zY2hlbWFzLnhtbHNvYXAub3JnL3dzLzIwMDUvMDUvaWRlbnRpdHkvY2xhaW1zL25hbWUiOiJ0ZXN0dXNlciIsImh0dHA6Ly9zY2hlbWFzLnhtbHNvYXAub3JnL3dzLzIwMDUvMDUvaWRlbnRpdHkvY2xhaW1zL2VtYWlsYWRkcmVzcyI6IiIsImh0dHA6Ly9zY2hlbWFzLm1pY3Jvc29mdC5jb20vd3MvMjAwOC8wNi9pZGVudGl0eS9jbGFpbXMvcm9sZSI6IlVzZXIiLCJleHAiOjE3NzY2MjIxNzksImlzcyI6ImJpa2VhcGVsYWdvLWFwaSIsImF1ZCI6ImJpa2VhcGVsYWdvLWZyb250ZW5kIn0.Bd9yNTc6jNOeTyJYr4amxNyofQ_PMHcWd1bhxrHEwSA\n\nBody: 
23	2026-04-13 23:39:05.307364+00	GET	/api/sessions/8fa0872d-564a-4f00-b575-fda66a3335e6		404	127.0.0.1	Mozilla/5.0 (Macintosh; Intel Mac OS X 10_15_7) AppleWebKit/537.36 (KHTML, like Gecko) Chrome/146.0.0.0 Safari/537.36	019d7ed8-beec-7f9a-b947-d2845446ad5a	\N	\N	Request Header: Bearer eyJhbGciOiJIUzI1NiIsInR5cCI6IkpXVCJ9.eyJodHRwOi8vc2NoZW1hcy54bWxzb2FwLm9yZy93cy8yMDA1LzA1L2lkZW50aXR5L2NsYWltcy9uYW1laWRlbnRpZmllciI6IjAxOWQ3ZWQ4LWJlZWMtN2Y5YS1iOTQ3LWQyODQ1NDQ2YWQ1YSIsImh0dHA6Ly9zY2hlbWFzLnhtbHNvYXAub3JnL3dzLzIwMDUvMDUvaWRlbnRpdHkvY2xhaW1zL25hbWUiOiJ0ZXN0dXNlciIsImh0dHA6Ly9zY2hlbWFzLnhtbHNvYXAub3JnL3dzLzIwMDUvMDUvaWRlbnRpdHkvY2xhaW1zL2VtYWlsYWRkcmVzcyI6IiIsImh0dHA6Ly9zY2hlbWFzLm1pY3Jvc29mdC5jb20vd3MvMjAwOC8wNi9pZGVudGl0eS9jbGFpbXMvcm9sZSI6IlVzZXIiLCJleHAiOjE3NzY2MjIxNzksImlzcyI6ImJpa2VhcGVsYWdvLWFwaSIsImF1ZCI6ImJpa2VhcGVsYWdvLWZyb250ZW5kIn0.Bd9yNTc6jNOeTyJYr4amxNyofQ_PMHcWd1bhxrHEwSA\n\nBody: 
24	2026-04-14 01:38:58.846705+00	POST	/api/auth/register		400	::ffff:192.168.107.4	Mozilla/5.0 (iPhone; CPU iPhone OS 18_7 like Mac OS X) AppleWebKit/605.1.15 (KHTML, like Gecko) Version/26.4 Mobile/15E148 Safari/604.1	\N	\N	\N	Request Header: \n\nBody: {"username":"testuser","password":"Password","name":""}
25	2026-04-14 04:59:14.998249+00	GET	/api/.env		404	::ffff:192.168.107.5	Mozilla/5.0 (Macintosh; Intel Mac OS X 10_15_7) AppleWebKit/537.36 (KHTML, like Gecko) Chrome/131.0.0.0 Safari/537.36	\N	\N	\N	Request Header: \n\nBody: 
26	2026-04-14 04:59:16.179174+00	GET	/api/v1/.env		404	::ffff:192.168.107.5	Mozilla/5.0 (Macintosh; Intel Mac OS X 10_15_7) AppleWebKit/537.36 (KHTML, like Gecko) Chrome/131.0.0.0 Safari/537.36	\N	\N	\N	Request Header: \n\nBody: 
27	2026-04-14 04:59:16.250692+00	GET	/api/v2/.env		404	::ffff:192.168.107.5	Mozilla/5.0 (Macintosh; Intel Mac OS X 10_15_7) AppleWebKit/537.36 (KHTML, like Gecko) Chrome/131.0.0.0 Safari/537.36	\N	\N	\N	Request Header: \n\nBody: 
28	2026-04-14 08:11:30.830223+00	GET	/api/.env		404	::ffff:192.168.107.5	Mozilla/5.0 (Macintosh; Intel Mac OS X 10_15_7) AppleWebKit/537.36 (KHTML, like Gecko) Chrome/131.0.0.0 Safari/537.36	\N	\N	\N	Request Header: \n\nBody: 
29	2026-04-14 08:11:39.502294+00	GET	/api/v1/.env		404	::ffff:192.168.107.5	Mozilla/5.0 (Macintosh; Intel Mac OS X 10_15_7) AppleWebKit/537.36 (KHTML, like Gecko) Chrome/131.0.0.0 Safari/537.36	\N	\N	\N	Request Header: \n\nBody: 
30	2026-04-14 08:11:39.746711+00	GET	/api/v2/.env		404	::ffff:192.168.107.5	Mozilla/5.0 (Macintosh; Intel Mac OS X 10_15_7) AppleWebKit/537.36 (KHTML, like Gecko) Chrome/131.0.0.0 Safari/537.36	\N	\N	\N	Request Header: \n\nBody: 
31	2026-04-23 01:26:47.226378+00	POST	/api/auth/login		401	::ffff:192.168.107.2	Mozilla/5.0 (Macintosh; Intel Mac OS X 10.15; rv:149.0) Gecko/20100101 Firefox/149.0	\N	\N	\N	Request Header: \n\nBody: {"identity":"kiddblur","password":"Spartan117!"}
32	2026-04-23 01:56:39.05283+00	DELETE	/api/sessions/cb956152-b7c3-4d03-8729-c3378c18c67d		404	::ffff:192.168.107.2	Mozilla/5.0 (Macintosh; Intel Mac OS X 10.15; rv:149.0) Gecko/20100101 Firefox/149.0	019db7f2-95db-75aa-ba53-5e012d9de721	\N	\N	Request Header: Bearer eyJhbGciOiJIUzI1NiIsInR5cCI6IkpXVCJ9.eyJodHRwOi8vc2NoZW1hcy54bWxzb2FwLm9yZy93cy8yMDA1LzA1L2lkZW50aXR5L2NsYWltcy9uYW1laWRlbnRpZmllciI6IjAxOWRiN2YyLTk1ZGItNzVhYS1iYTUzLTVlMDEyZDlkZTcyMSIsImh0dHA6Ly9zY2hlbWFzLnhtbHNvYXAub3JnL3dzLzIwMDUvMDUvaWRlbnRpdHkvY2xhaW1zL25hbWUiOiJraWRkYmx1ciIsImh0dHA6Ly9zY2hlbWFzLnhtbHNvYXAub3JnL3dzLzIwMDUvMDUvaWRlbnRpdHkvY2xhaW1zL2VtYWlsYWRkcmVzcyI6IiIsImh0dHA6Ly9zY2hlbWFzLm1pY3Jvc29mdC5jb20vd3MvMjAwOC8wNi9pZGVudGl0eS9jbGFpbXMvcm9sZSI6IlVzZXIiLCJleHAiOjE3Nzc1MTI0MjYsImlzcyI6ImJpa2VhcGVsYWdvLWFwaSIsImF1ZCI6ImJpa2VhcGVsYWdvLWZyb250ZW5kIn0.lt-_-LKqYJK3aCMotfmeWX7kwGph-j8zI9TpV6SXXtc\n\nBody: null
33	2026-04-23 01:56:40.030245+00	DELETE	/api/sessions/cb956152-b7c3-4d03-8729-c3378c18c67d		404	::ffff:192.168.107.2	Mozilla/5.0 (Macintosh; Intel Mac OS X 10.15; rv:149.0) Gecko/20100101 Firefox/149.0	019db7f2-95db-75aa-ba53-5e012d9de721	\N	\N	Request Header: Bearer eyJhbGciOiJIUzI1NiIsInR5cCI6IkpXVCJ9.eyJodHRwOi8vc2NoZW1hcy54bWxzb2FwLm9yZy93cy8yMDA1LzA1L2lkZW50aXR5L2NsYWltcy9uYW1laWRlbnRpZmllciI6IjAxOWRiN2YyLTk1ZGItNzVhYS1iYTUzLTVlMDEyZDlkZTcyMSIsImh0dHA6Ly9zY2hlbWFzLnhtbHNvYXAub3JnL3dzLzIwMDUvMDUvaWRlbnRpdHkvY2xhaW1zL25hbWUiOiJraWRkYmx1ciIsImh0dHA6Ly9zY2hlbWFzLnhtbHNvYXAub3JnL3dzLzIwMDUvMDUvaWRlbnRpdHkvY2xhaW1zL2VtYWlsYWRkcmVzcyI6IiIsImh0dHA6Ly9zY2hlbWFzLm1pY3Jvc29mdC5jb20vd3MvMjAwOC8wNi9pZGVudGl0eS9jbGFpbXMvcm9sZSI6IlVzZXIiLCJleHAiOjE3Nzc1MTI0MjYsImlzcyI6ImJpa2VhcGVsYWdvLWFwaSIsImF1ZCI6ImJpa2VhcGVsYWdvLWZyb250ZW5kIn0.lt-_-LKqYJK3aCMotfmeWX7kwGph-j8zI9TpV6SXXtc\n\nBody: null
34	2026-04-23 01:56:40.245385+00	DELETE	/api/sessions/cb956152-b7c3-4d03-8729-c3378c18c67d		404	::ffff:192.168.107.2	Mozilla/5.0 (Macintosh; Intel Mac OS X 10.15; rv:149.0) Gecko/20100101 Firefox/149.0	019db7f2-95db-75aa-ba53-5e012d9de721	\N	\N	Request Header: Bearer eyJhbGciOiJIUzI1NiIsInR5cCI6IkpXVCJ9.eyJodHRwOi8vc2NoZW1hcy54bWxzb2FwLm9yZy93cy8yMDA1LzA1L2lkZW50aXR5L2NsYWltcy9uYW1laWRlbnRpZmllciI6IjAxOWRiN2YyLTk1ZGItNzVhYS1iYTUzLTVlMDEyZDlkZTcyMSIsImh0dHA6Ly9zY2hlbWFzLnhtbHNvYXAub3JnL3dzLzIwMDUvMDUvaWRlbnRpdHkvY2xhaW1zL25hbWUiOiJraWRkYmx1ciIsImh0dHA6Ly9zY2hlbWFzLnhtbHNvYXAub3JnL3dzLzIwMDUvMDUvaWRlbnRpdHkvY2xhaW1zL2VtYWlsYWRkcmVzcyI6IiIsImh0dHA6Ly9zY2hlbWFzLm1pY3Jvc29mdC5jb20vd3MvMjAwOC8wNi9pZGVudGl0eS9jbGFpbXMvcm9sZSI6IlVzZXIiLCJleHAiOjE3Nzc1MTI0MjYsImlzcyI6ImJpa2VhcGVsYWdvLWFwaSIsImF1ZCI6ImJpa2VhcGVsYWdvLWZyb250ZW5kIn0.lt-_-LKqYJK3aCMotfmeWX7kwGph-j8zI9TpV6SXXtc\n\nBody: null
35	2026-04-23 01:56:40.313238+00	DELETE	/api/sessions/cb956152-b7c3-4d03-8729-c3378c18c67d		404	::ffff:192.168.107.2	Mozilla/5.0 (Macintosh; Intel Mac OS X 10.15; rv:149.0) Gecko/20100101 Firefox/149.0	019db7f2-95db-75aa-ba53-5e012d9de721	\N	\N	Request Header: Bearer eyJhbGciOiJIUzI1NiIsInR5cCI6IkpXVCJ9.eyJodHRwOi8vc2NoZW1hcy54bWxzb2FwLm9yZy93cy8yMDA1LzA1L2lkZW50aXR5L2NsYWltcy9uYW1laWRlbnRpZmllciI6IjAxOWRiN2YyLTk1ZGItNzVhYS1iYTUzLTVlMDEyZDlkZTcyMSIsImh0dHA6Ly9zY2hlbWFzLnhtbHNvYXAub3JnL3dzLzIwMDUvMDUvaWRlbnRpdHkvY2xhaW1zL25hbWUiOiJraWRkYmx1ciIsImh0dHA6Ly9zY2hlbWFzLnhtbHNvYXAub3JnL3dzLzIwMDUvMDUvaWRlbnRpdHkvY2xhaW1zL2VtYWlsYWRkcmVzcyI6IiIsImh0dHA6Ly9zY2hlbWFzLm1pY3Jvc29mdC5jb20vd3MvMjAwOC8wNi9pZGVudGl0eS9jbGFpbXMvcm9sZSI6IlVzZXIiLCJleHAiOjE3Nzc1MTI0MjYsImlzcyI6ImJpa2VhcGVsYWdvLWFwaSIsImF1ZCI6ImJpa2VhcGVsYWdvLWZyb250ZW5kIn0.lt-_-LKqYJK3aCMotfmeWX7kwGph-j8zI9TpV6SXXtc\n\nBody: null
36	2026-04-23 01:56:47.653032+00	DELETE	/api/sessions/cb956152-b7c3-4d03-8729-c3378c18c67d		404	::ffff:192.168.107.2	Mozilla/5.0 (Macintosh; Intel Mac OS X 10.15; rv:149.0) Gecko/20100101 Firefox/149.0	019db7f2-95db-75aa-ba53-5e012d9de721	\N	\N	Request Header: Bearer eyJhbGciOiJIUzI1NiIsInR5cCI6IkpXVCJ9.eyJodHRwOi8vc2NoZW1hcy54bWxzb2FwLm9yZy93cy8yMDA1LzA1L2lkZW50aXR5L2NsYWltcy9uYW1laWRlbnRpZmllciI6IjAxOWRiN2YyLTk1ZGItNzVhYS1iYTUzLTVlMDEyZDlkZTcyMSIsImh0dHA6Ly9zY2hlbWFzLnhtbHNvYXAub3JnL3dzLzIwMDUvMDUvaWRlbnRpdHkvY2xhaW1zL25hbWUiOiJraWRkYmx1ciIsImh0dHA6Ly9zY2hlbWFzLnhtbHNvYXAub3JnL3dzLzIwMDUvMDUvaWRlbnRpdHkvY2xhaW1zL2VtYWlsYWRkcmVzcyI6IiIsImh0dHA6Ly9zY2hlbWFzLm1pY3Jvc29mdC5jb20vd3MvMjAwOC8wNi9pZGVudGl0eS9jbGFpbXMvcm9sZSI6IlVzZXIiLCJleHAiOjE3Nzc1MTI0MjYsImlzcyI6ImJpa2VhcGVsYWdvLWFwaSIsImF1ZCI6ImJpa2VhcGVsYWdvLWZyb250ZW5kIn0.lt-_-LKqYJK3aCMotfmeWX7kwGph-j8zI9TpV6SXXtc\n\nBody: null
37	2026-04-23 02:24:13.420651+00	GET	/api/sessions		401	::ffff:192.168.107.2	Mozilla/5.0 (iPhone; CPU iPhone OS 18_7 like Mac OS X) AppleWebKit/605.1.15 (KHTML, like Gecko) Version/26.4 Mobile/15E148 Safari/604.1	\N	\N	\N	Request Header: Bearer eyJhbGciOiJIUzI1NiIsInR5cCI6IkpXVCJ9.eyJodHRwOi8vc2NoZW1hcy54bWxzb2FwLm9yZy93cy8yMDA1LzA1L2lkZW50aXR5L2NsYWltcy9uYW1laWRlbnRpZmllciI6IjAxOWQ4NDYzLWY3YTEtN2I3Yy05NzZkLWVhMzYyNWZjMGU4ZSIsImh0dHA6Ly9zY2hlbWFzLnhtbHNvYXAub3JnL3dzLzIwMDUvMDUvaWRlbnRpdHkvY2xhaW1zL25hbWUiOiJ0ZXN0dXNlciIsImh0dHA6Ly9zY2hlbWFzLnhtbHNvYXAub3JnL3dzLzIwMDUvMDUvaWRlbnRpdHkvY2xhaW1zL2VtYWlsYWRkcmVzcyI6IiIsImh0dHA6Ly9zY2hlbWFzLm1pY3Jvc29mdC5jb20vd3MvMjAwOC8wNi9pZGVudGl0eS9jbGFpbXMvcm9sZSI6IlVzZXIiLCJleHAiOjE3NzY3MzU1NDEsImlzcyI6ImJpa2VhcGVsYWdvLWFwaSIsImF1ZCI6ImJpa2VhcGVsYWdvLWZyb250ZW5kIn0.QnwWySRza914kiV8rSxcw0AqaxrlbT7-1F8CeQGEGS8\n\nBody: 
38	2026-04-23 02:32:15.027853+00	DELETE	/api/sessions/a8d8ed17-b3ad-4c7f-9bae-20f812936fd9		404	::ffff:192.168.107.2	Mozilla/5.0 (iPhone; CPU iPhone OS 18_7 like Mac OS X) AppleWebKit/605.1.15 (KHTML, like Gecko) Version/26.4 Mobile/15E148 Safari/604.1	019db7f2-95db-75aa-ba53-5e012d9de721	\N	\N	Request Header: Bearer eyJhbGciOiJIUzI1NiIsInR5cCI6IkpXVCJ9.eyJodHRwOi8vc2NoZW1hcy54bWxzb2FwLm9yZy93cy8yMDA1LzA1L2lkZW50aXR5L2NsYWltcy9uYW1laWRlbnRpZmllciI6IjAxOWRiN2YyLTk1ZGItNzVhYS1iYTUzLTVlMDEyZDlkZTcyMSIsImh0dHA6Ly9zY2hlbWFzLnhtbHNvYXAub3JnL3dzLzIwMDUvMDUvaWRlbnRpdHkvY2xhaW1zL25hbWUiOiJraWRkYmx1ciIsImh0dHA6Ly9zY2hlbWFzLnhtbHNvYXAub3JnL3dzLzIwMDUvMDUvaWRlbnRpdHkvY2xhaW1zL2VtYWlsYWRkcmVzcyI6IiIsImh0dHA6Ly9zY2hlbWFzLm1pY3Jvc29mdC5jb20vd3MvMjAwOC8wNi9pZGVudGl0eS9jbGFpbXMvcm9sZSI6IlVzZXIiLCJleHAiOjE3Nzc1MTU4NjcsImlzcyI6ImJpa2VhcGVsYWdvLWFwaSIsImF1ZCI6ImJpa2VhcGVsYWdvLWZyb250ZW5kIn0.S1fhL8UUwJjq-SZhzvtZyGs0EN4jRrLYtbQnD4hgbJw\n\nBody: null
39	2026-04-23 11:30:39.417675+00	GET	/api/sessions/a8d8ed17-b3ad-4c7f-9bae-20f812936fd9		404	::ffff:192.168.107.2	Mozilla/5.0 (Macintosh; Intel Mac OS X 10.15; rv:149.0) Gecko/20100101 Firefox/149.0	019db7f2-95db-75aa-ba53-5e012d9de721	\N	\N	Request Header: Bearer eyJhbGciOiJIUzI1NiIsInR5cCI6IkpXVCJ9.eyJodHRwOi8vc2NoZW1hcy54bWxzb2FwLm9yZy93cy8yMDA1LzA1L2lkZW50aXR5L2NsYWltcy9uYW1laWRlbnRpZmllciI6IjAxOWRiN2YyLTk1ZGItNzVhYS1iYTUzLTVlMDEyZDlkZTcyMSIsImh0dHA6Ly9zY2hlbWFzLnhtbHNvYXAub3JnL3dzLzIwMDUvMDUvaWRlbnRpdHkvY2xhaW1zL25hbWUiOiJraWRkYmx1ciIsImh0dHA6Ly9zY2hlbWFzLnhtbHNvYXAub3JnL3dzLzIwMDUvMDUvaWRlbnRpdHkvY2xhaW1zL2VtYWlsYWRkcmVzcyI6IiIsImh0dHA6Ly9zY2hlbWFzLm1pY3Jvc29mdC5jb20vd3MvMjAwOC8wNi9pZGVudGl0eS9jbGFpbXMvcm9sZSI6IlVzZXIiLCJleHAiOjE3Nzc1MTI0MjYsImlzcyI6ImJpa2VhcGVsYWdvLWFwaSIsImF1ZCI6ImJpa2VhcGVsYWdvLWZyb250ZW5kIn0.lt-_-LKqYJK3aCMotfmeWX7kwGph-j8zI9TpV6SXXtc\n\nBody: 
40	2026-04-23 11:30:40.491345+00	GET	/api/sessions/a8d8ed17-b3ad-4c7f-9bae-20f812936fd9		404	::ffff:192.168.107.2	Mozilla/5.0 (Macintosh; Intel Mac OS X 10.15; rv:149.0) Gecko/20100101 Firefox/149.0	019db7f2-95db-75aa-ba53-5e012d9de721	\N	\N	Request Header: Bearer eyJhbGciOiJIUzI1NiIsInR5cCI6IkpXVCJ9.eyJodHRwOi8vc2NoZW1hcy54bWxzb2FwLm9yZy93cy8yMDA1LzA1L2lkZW50aXR5L2NsYWltcy9uYW1laWRlbnRpZmllciI6IjAxOWRiN2YyLTk1ZGItNzVhYS1iYTUzLTVlMDEyZDlkZTcyMSIsImh0dHA6Ly9zY2hlbWFzLnhtbHNvYXAub3JnL3dzLzIwMDUvMDUvaWRlbnRpdHkvY2xhaW1zL25hbWUiOiJraWRkYmx1ciIsImh0dHA6Ly9zY2hlbWFzLnhtbHNvYXAub3JnL3dzLzIwMDUvMDUvaWRlbnRpdHkvY2xhaW1zL2VtYWlsYWRkcmVzcyI6IiIsImh0dHA6Ly9zY2hlbWFzLm1pY3Jvc29mdC5jb20vd3MvMjAwOC8wNi9pZGVudGl0eS9jbGFpbXMvcm9sZSI6IlVzZXIiLCJleHAiOjE3Nzc1MTI0MjYsImlzcyI6ImJpa2VhcGVsYWdvLWFwaSIsImF1ZCI6ImJpa2VhcGVsYWdvLWZyb250ZW5kIn0.lt-_-LKqYJK3aCMotfmeWX7kwGph-j8zI9TpV6SXXtc\n\nBody: 
41	2026-04-23 15:30:33.545817+00	POST	/api/discovery/route		405	::ffff:192.168.107.4	Mozilla/5.0 (Macintosh; Intel Mac OS X 10.15; rv:149.0) Gecko/20100101 Firefox/149.0	019db7f2-95db-75aa-ba53-5e012d9de721	\N	\N	Request Header: Bearer eyJhbGciOiJIUzI1NiIsInR5cCI6IkpXVCJ9.eyJodHRwOi8vc2NoZW1hcy54bWxzb2FwLm9yZy93cy8yMDA1LzA1L2lkZW50aXR5L2NsYWltcy9uYW1laWRlbnRpZmllciI6IjAxOWRiN2YyLTk1ZGItNzVhYS1iYTUzLTVlMDEyZDlkZTcyMSIsImh0dHA6Ly9zY2hlbWFzLnhtbHNvYXAub3JnL3dzLzIwMDUvMDUvaWRlbnRpdHkvY2xhaW1zL25hbWUiOiJraWRkYmx1ciIsImh0dHA6Ly9zY2hlbWFzLnhtbHNvYXAub3JnL3dzLzIwMDUvMDUvaWRlbnRpdHkvY2xhaW1zL2VtYWlsYWRkcmVzcyI6IiIsImh0dHA6Ly9zY2hlbWFzLm1pY3Jvc29mdC5jb20vd3MvMjAwOC8wNi9pZGVudGl0eS9jbGFpbXMvcm9sZSI6IlVzZXIiLCJleHAiOjE3Nzc1MTI0MjYsImlzcyI6ImJpa2VhcGVsYWdvLWFwaSIsImF1ZCI6ImJpa2VhcGVsYWdvLWZyb250ZW5kIn0.lt-_-LKqYJK3aCMotfmeWX7kwGph-j8zI9TpV6SXXtc\n\nBody: {"waypoints":[{"lat":40.79076093777832,"lon":-80.09755370016035},{"lat":40.792714,"lon":-80.130109},{"lat":40.793358,"lon":-80.129352},{"lat":40.786884,"lon":-80.136035}],"profile":"cycling"}
42	2026-04-23 15:31:07.952485+00	POST	/api/discovery/route		405	::ffff:192.168.107.4	Mozilla/5.0 (Macintosh; Intel Mac OS X 10.15; rv:149.0) Gecko/20100101 Firefox/149.0	019db7f2-95db-75aa-ba53-5e012d9de721	\N	\N	Request Header: Bearer eyJhbGciOiJIUzI1NiIsInR5cCI6IkpXVCJ9.eyJodHRwOi8vc2NoZW1hcy54bWxzb2FwLm9yZy93cy8yMDA1LzA1L2lkZW50aXR5L2NsYWltcy9uYW1laWRlbnRpZmllciI6IjAxOWRiN2YyLTk1ZGItNzVhYS1iYTUzLTVlMDEyZDlkZTcyMSIsImh0dHA6Ly9zY2hlbWFzLnhtbHNvYXAub3JnL3dzLzIwMDUvMDUvaWRlbnRpdHkvY2xhaW1zL25hbWUiOiJraWRkYmx1ciIsImh0dHA6Ly9zY2hlbWFzLnhtbHNvYXAub3JnL3dzLzIwMDUvMDUvaWRlbnRpdHkvY2xhaW1zL2VtYWlsYWRkcmVzcyI6IiIsImh0dHA6Ly9zY2hlbWFzLm1pY3Jvc29mdC5jb20vd3MvMjAwOC8wNi9pZGVudGl0eS9jbGFpbXMvcm9sZSI6IlVzZXIiLCJleHAiOjE3Nzc1MTI0MjYsImlzcyI6ImJpa2VhcGVsYWdvLWFwaSIsImF1ZCI6ImJpa2VhcGVsYWdvLWZyb250ZW5kIn0.lt-_-LKqYJK3aCMotfmeWX7kwGph-j8zI9TpV6SXXtc\n\nBody: {"waypoints":[{"lat":40.79076093777832,"lon":-80.09755370016035},{"lat":40.792714,"lon":-80.130109},{"lat":40.793358,"lon":-80.129352},{"lat":40.786884,"lon":-80.136035}],"profile":"cycling"}
43	2026-04-23 15:32:15.856667+00	POST	/api/discovery/route		405	::ffff:192.168.107.4	Mozilla/5.0 (Macintosh; Intel Mac OS X 10.15; rv:149.0) Gecko/20100101 Firefox/149.0	019db7f2-95db-75aa-ba53-5e012d9de721	\N	\N	Request Header: Bearer eyJhbGciOiJIUzI1NiIsInR5cCI6IkpXVCJ9.eyJodHRwOi8vc2NoZW1hcy54bWxzb2FwLm9yZy93cy8yMDA1LzA1L2lkZW50aXR5L2NsYWltcy9uYW1laWRlbnRpZmllciI6IjAxOWRiN2YyLTk1ZGItNzVhYS1iYTUzLTVlMDEyZDlkZTcyMSIsImh0dHA6Ly9zY2hlbWFzLnhtbHNvYXAub3JnL3dzLzIwMDUvMDUvaWRlbnRpdHkvY2xhaW1zL25hbWUiOiJraWRkYmx1ciIsImh0dHA6Ly9zY2hlbWFzLnhtbHNvYXAub3JnL3dzLzIwMDUvMDUvaWRlbnRpdHkvY2xhaW1zL2VtYWlsYWRkcmVzcyI6IiIsImh0dHA6Ly9zY2hlbWFzLm1pY3Jvc29mdC5jb20vd3MvMjAwOC8wNi9pZGVudGl0eS9jbGFpbXMvcm9sZSI6IlVzZXIiLCJleHAiOjE3Nzc1MTI0MjYsImlzcyI6ImJpa2VhcGVsYWdvLWFwaSIsImF1ZCI6ImJpa2VhcGVsYWdvLWZyb250ZW5kIn0.lt-_-LKqYJK3aCMotfmeWX7kwGph-j8zI9TpV6SXXtc\n\nBody: {"waypoints":[{"lat":40.793358,"lon":-80.129352},{"lat":40.792714,"lon":-80.130109}],"profile":"cycling"}
44	2026-04-23 15:32:16.594687+00	POST	/api/discovery/route		405	::ffff:192.168.107.4	Mozilla/5.0 (Macintosh; Intel Mac OS X 10.15; rv:149.0) Gecko/20100101 Firefox/149.0	019db7f2-95db-75aa-ba53-5e012d9de721	\N	\N	Request Header: Bearer eyJhbGciOiJIUzI1NiIsInR5cCI6IkpXVCJ9.eyJodHRwOi8vc2NoZW1hcy54bWxzb2FwLm9yZy93cy8yMDA1LzA1L2lkZW50aXR5L2NsYWltcy9uYW1laWRlbnRpZmllciI6IjAxOWRiN2YyLTk1ZGItNzVhYS1iYTUzLTVlMDEyZDlkZTcyMSIsImh0dHA6Ly9zY2hlbWFzLnhtbHNvYXAub3JnL3dzLzIwMDUvMDUvaWRlbnRpdHkvY2xhaW1zL25hbWUiOiJraWRkYmx1ciIsImh0dHA6Ly9zY2hlbWFzLnhtbHNvYXAub3JnL3dzLzIwMDUvMDUvaWRlbnRpdHkvY2xhaW1zL2VtYWlsYWRkcmVzcyI6IiIsImh0dHA6Ly9zY2hlbWFzLm1pY3Jvc29mdC5jb20vd3MvMjAwOC8wNi9pZGVudGl0eS9jbGFpbXMvcm9sZSI6IlVzZXIiLCJleHAiOjE3Nzc1MTI0MjYsImlzcyI6ImJpa2VhcGVsYWdvLWFwaSIsImF1ZCI6ImJpa2VhcGVsYWdvLWZyb250ZW5kIn0.lt-_-LKqYJK3aCMotfmeWX7kwGph-j8zI9TpV6SXXtc\n\nBody: {"waypoints":[{"lat":40.793358,"lon":-80.129352},{"lat":40.792714,"lon":-80.130109},{"lat":40.786884,"lon":-80.136035}],"profile":"cycling"}
45	2026-04-23 15:43:15.870758+00	POST	/api/discovery/route		405	::ffff:192.168.107.4	Mozilla/5.0 (iPhone; CPU iPhone OS 18_6 like Mac OS X) AppleWebKit/605.1.15 (KHTML, like Gecko) Version/26.0 Mobile/15E148 Safari/604.1	019db7f2-95db-75aa-ba53-5e012d9de721	\N	\N	Request Header: Bearer eyJhbGciOiJIUzI1NiIsInR5cCI6IkpXVCJ9.eyJodHRwOi8vc2NoZW1hcy54bWxzb2FwLm9yZy93cy8yMDA1LzA1L2lkZW50aXR5L2NsYWltcy9uYW1laWRlbnRpZmllciI6IjAxOWRiN2YyLTk1ZGItNzVhYS1iYTUzLTVlMDEyZDlkZTcyMSIsImh0dHA6Ly9zY2hlbWFzLnhtbHNvYXAub3JnL3dzLzIwMDUvMDUvaWRlbnRpdHkvY2xhaW1zL25hbWUiOiJraWRkYmx1ciIsImh0dHA6Ly9zY2hlbWFzLnhtbHNvYXAub3JnL3dzLzIwMDUvMDUvaWRlbnRpdHkvY2xhaW1zL2VtYWlsYWRkcmVzcyI6IiIsImh0dHA6Ly9zY2hlbWFzLm1pY3Jvc29mdC5jb20vd3MvMjAwOC8wNi9pZGVudGl0eS9jbGFpbXMvcm9sZSI6IlVzZXIiLCJleHAiOjE3Nzc1MTI0MjYsImlzcyI6ImJpa2VhcGVsYWdvLWFwaSIsImF1ZCI6ImJpa2VhcGVsYWdvLWZyb250ZW5kIn0.lt-_-LKqYJK3aCMotfmeWX7kwGph-j8zI9TpV6SXXtc\n\nBody: {"waypoints":[{"lat":40.793358,"lon":-80.129352},{"lat":40.792714,"lon":-80.130109},{"lat":40.786884,"lon":-80.136035}],"profile":"cycling"}
46	2026-04-23 15:43:17.398707+00	POST	/api/discovery/route		405	::ffff:192.168.107.4	Mozilla/5.0 (iPhone; CPU iPhone OS 18_6 like Mac OS X) AppleWebKit/605.1.15 (KHTML, like Gecko) Version/26.0 Mobile/15E148 Safari/604.1	019db7f2-95db-75aa-ba53-5e012d9de721	\N	\N	Request Header: Bearer eyJhbGciOiJIUzI1NiIsInR5cCI6IkpXVCJ9.eyJodHRwOi8vc2NoZW1hcy54bWxzb2FwLm9yZy93cy8yMDA1LzA1L2lkZW50aXR5L2NsYWltcy9uYW1laWRlbnRpZmllciI6IjAxOWRiN2YyLTk1ZGItNzVhYS1iYTUzLTVlMDEyZDlkZTcyMSIsImh0dHA6Ly9zY2hlbWFzLnhtbHNvYXAub3JnL3dzLzIwMDUvMDUvaWRlbnRpdHkvY2xhaW1zL25hbWUiOiJraWRkYmx1ciIsImh0dHA6Ly9zY2hlbWFzLnhtbHNvYXAub3JnL3dzLzIwMDUvMDUvaWRlbnRpdHkvY2xhaW1zL2VtYWlsYWRkcmVzcyI6IiIsImh0dHA6Ly9zY2hlbWFzLm1pY3Jvc29mdC5jb20vd3MvMjAwOC8wNi9pZGVudGl0eS9jbGFpbXMvcm9sZSI6IlVzZXIiLCJleHAiOjE3Nzc1MTI0MjYsImlzcyI6ImJpa2VhcGVsYWdvLWFwaSIsImF1ZCI6ImJpa2VhcGVsYWdvLWZyb250ZW5kIn0.lt-_-LKqYJK3aCMotfmeWX7kwGph-j8zI9TpV6SXXtc\n\nBody: {"waypoints":[{"lat":40.79072761165546,"lon":-80.09761563779814},{"lat":40.792714,"lon":-80.130109},{"lat":40.793358,"lon":-80.129352},{"lat":40.786884,"lon":-80.136035}],"profile":"cycling"}
47	2026-04-23 15:43:23.055042+00	POST	/api/discovery/route		405	::ffff:192.168.107.4	Mozilla/5.0 (iPhone; CPU iPhone OS 18_6 like Mac OS X) AppleWebKit/605.1.15 (KHTML, like Gecko) Version/26.0 Mobile/15E148 Safari/604.1	019db7f2-95db-75aa-ba53-5e012d9de721	\N	\N	Request Header: Bearer eyJhbGciOiJIUzI1NiIsInR5cCI6IkpXVCJ9.eyJodHRwOi8vc2NoZW1hcy54bWxzb2FwLm9yZy93cy8yMDA1LzA1L2lkZW50aXR5L2NsYWltcy9uYW1laWRlbnRpZmllciI6IjAxOWRiN2YyLTk1ZGItNzVhYS1iYTUzLTVlMDEyZDlkZTcyMSIsImh0dHA6Ly9zY2hlbWFzLnhtbHNvYXAub3JnL3dzLzIwMDUvMDUvaWRlbnRpdHkvY2xhaW1zL25hbWUiOiJraWRkYmx1ciIsImh0dHA6Ly9zY2hlbWFzLnhtbHNvYXAub3JnL3dzLzIwMDUvMDUvaWRlbnRpdHkvY2xhaW1zL2VtYWlsYWRkcmVzcyI6IiIsImh0dHA6Ly9zY2hlbWFzLm1pY3Jvc29mdC5jb20vd3MvMjAwOC8wNi9pZGVudGl0eS9jbGFpbXMvcm9sZSI6IlVzZXIiLCJleHAiOjE3Nzc1MTI0MjYsImlzcyI6ImJpa2VhcGVsYWdvLWFwaSIsImF1ZCI6ImJpa2VhcGVsYWdvLWZyb250ZW5kIn0.lt-_-LKqYJK3aCMotfmeWX7kwGph-j8zI9TpV6SXXtc\n\nBody: {"waypoints":[{"lat":40.79072761165546,"lon":-80.09761563779814},{"lat":40.792714,"lon":-80.130109},{"lat":40.793358,"lon":-80.129352},{"lat":40.786884,"lon":-80.136035}],"profile":"cycling"}
48	2026-04-23 18:12:03.553557+00	GET	/api/.env		404	::ffff:192.168.107.4	Mozilla/5.0 (Macintosh; Intel Mac OS X 10.15; rv:138.0) Gecko/20100101 Firefox/138.0	\N	\N	\N	Request Header: \n\nBody: 
49	2026-04-23 18:26:46.673041+00	HEAD	/favicon.ico		404	::ffff:192.168.107.1	OrbStack-Server-Detection/1.0 (https://orb.cx/srvdetect)	\N	\N	\N	Request Header: \n\nBody: 
50	2026-04-23 18:47:18.445078+00	HEAD	/favicon.ico		404	::ffff:192.168.107.1	OrbStack-Server-Detection/1.0 (https://orb.cx/srvdetect)	\N	\N	\N	Request Header: \n\nBody: 
51	2026-04-23 18:47:18.65528+00	GET	/index.html		404	::ffff:192.168.107.1	Mozilla/5.0 (Macintosh; Intel Mac OS X 10.15; rv:149.0) Gecko/20100101 Firefox/149.0	\N	\N	\N	Request Header: \n\nBody: 
52	2026-04-23 18:47:23.414225+00	GET	/index.html		404	::ffff:192.168.107.2	Mozilla/5.0 (iPhone; CPU iPhone OS 18_6 like Mac OS X) AppleWebKit/605.1.15 (KHTML, like Gecko) Version/26.0 Mobile/15E148 Safari/604.1	\N	\N	\N	Request Header: \n\nBody: 
53	2026-04-23 18:50:08.083859+00	GET	/api/sessions		401	::ffff:192.168.107.1	Mozilla/5.0 (Macintosh; Intel Mac OS X 10.15; rv:149.0) Gecko/20100101 Firefox/149.0	\N	\N	\N	Request Header: \n\nBody: 
54	2026-04-23 18:55:22.363693+00	GET	/index.html		404	::ffff:192.168.107.2	Mozilla/5.0 (iPhone; CPU iPhone OS 18_6 like Mac OS X) AppleWebKit/605.1.15 (KHTML, like Gecko) Version/26.0 Mobile/15E148 Safari/604.1	\N	\N	\N	Request Header: \n\nBody: 
55	2026-04-23 18:58:45.145312+00	GET	/api/sessions		401	::ffff:192.168.107.1	Mozilla/5.0 (Macintosh; Intel Mac OS X 10.15; rv:149.0) Gecko/20100101 Firefox/149.0	\N	\N	\N	Request Header: Bearer eyJhbGciOiJIUzI1NiIsInR5cCI6IkpXVCJ9.eyJodHRwOi8vc2NoZW1hcy54bWxzb2FwLm9yZy93cy8yMDA1LzA1L2lkZW50aXR5L2NsYWltcy9uYW1laWRlbnRpZmllciI6IjAxOWQ4NDYzLWY3YTEtN2I3Yy05NzZkLWVhMzYyNWZjMGU4ZSIsImh0dHA6Ly9zY2hlbWFzLnhtbHNvYXAub3JnL3dzLzIwMDUvMDUvaWRlbnRpdHkvY2xhaW1zL25hbWUiOiJ0ZXN0dXNlciIsImh0dHA6Ly9zY2hlbWFzLnhtbHNvYXAub3JnL3dzLzIwMDUvMDUvaWRlbnRpdHkvY2xhaW1zL2VtYWlsYWRkcmVzcyI6IiIsImh0dHA6Ly9zY2hlbWFzLm1pY3Jvc29mdC5jb20vd3MvMjAwOC8wNi9pZGVudGl0eS9jbGFpbXMvcm9sZSI6IlVzZXIiLCJleHAiOjE3NzY3MjYwOTksImlzcyI6ImJpa2VhcGVsYWdvLWFwaSIsImF1ZCI6ImJpa2VhcGVsYWdvLWZyb250ZW5kIn0.ccx0elVC-qCshvdRL4IE9poKwdlov-QOpYMgdFihOmo\n\nBody: 
56	2026-04-24 03:29:49.676729+00	GET	/api/.env		404	::ffff:192.168.107.2	Mozilla/5.0 (X11; Linux x86_64) AppleWebKit/537.36 (KHTML, like Gecko) Chrome/131.0.0.0 Safari/537.36	\N	\N	\N	Request Header: \n\nBody: 
57	2026-04-24 03:29:58.567329+00	GET	/api/v1/.env		404	::ffff:192.168.107.2	Mozilla/5.0 (X11; Linux x86_64) AppleWebKit/537.36 (KHTML, like Gecko) Chrome/131.0.0.0 Safari/537.36	\N	\N	\N	Request Header: \n\nBody: 
58	2026-04-24 03:29:58.807966+00	GET	/api/v2/.env		404	::ffff:192.168.107.2	Mozilla/5.0 (X11; Linux x86_64) AppleWebKit/537.36 (KHTML, like Gecko) Chrome/131.0.0.0 Safari/537.36	\N	\N	\N	Request Header: \n\nBody: 
\.


--
-- Data for Name: AspNetRoleClaims; Type: TABLE DATA; Schema: public; Owner: osm
--

COPY public."AspNetRoleClaims" ("Id", "RoleId", "ClaimType", "ClaimValue") FROM stdin;
\.


--
-- Data for Name: AspNetRoles; Type: TABLE DATA; Schema: public; Owner: osm
--

COPY public."AspNetRoles" ("Id", "Name", "NormalizedName", "ConcurrencyStamp") FROM stdin;
019d845d-9b0a-77d0-b235-ea7f5367558c	Admin	ADMIN	c51bc94a-69d6-4182-9f93-2444ccc2fdac
019d845d-9b44-7e9f-b9cd-ba71d8f1c7ce	User	USER	28622721-de7b-4940-98cf-b4949ac6a426
\.


--
-- Data for Name: AspNetUserClaims; Type: TABLE DATA; Schema: public; Owner: osm
--

COPY public."AspNetUserClaims" ("Id", "UserId", "ClaimType", "ClaimValue") FROM stdin;
\.


--
-- Data for Name: AspNetUserLogins; Type: TABLE DATA; Schema: public; Owner: osm
--

COPY public."AspNetUserLogins" ("LoginProvider", "ProviderKey", "ProviderDisplayName", "UserId") FROM stdin;
\.


--
-- Data for Name: AspNetUserRoles; Type: TABLE DATA; Schema: public; Owner: osm
--

COPY public."AspNetUserRoles" ("UserId", "RoleId") FROM stdin;
019d845d-9b7f-7ce5-98f3-79ec261559ec	019d845d-9b0a-77d0-b235-ea7f5367558c
019d8463-f7a1-7b7c-976d-ea3625fc0e8e	019d845d-9b44-7e9f-b9cd-ba71d8f1c7ce
019db7f2-95db-75aa-ba53-5e012d9de721	019d845d-9b44-7e9f-b9cd-ba71d8f1c7ce
\.


--
-- Data for Name: AspNetUserTokens; Type: TABLE DATA; Schema: public; Owner: osm
--

COPY public."AspNetUserTokens" ("UserId", "LoginProvider", "Name", "Value") FROM stdin;
\.


--
-- Data for Name: AspNetUsers; Type: TABLE DATA; Schema: public; Owner: osm
--

COPY public."AspNetUsers" ("Id", "Name", "Weight", "Avatar", "Email", "Password", "UserName", "AccessFailedCount", "ConcurrencyStamp", "EmailConfirmed", "LockoutEnabled", "LockoutEnd", "NormalizedEmail", "NormalizedUserName", "PasswordHash", "PhoneNumber", "PhoneNumberConfirmed", "SecurityStamp", "TwoFactorEnabled") FROM stdin;
019d845d-9b7f-7ce5-98f3-79ec261559ec	\N	75	\N	akibler16@gmail.com	\N	akibler16@gmail.com	0	3f26b5d8-b30a-4301-9c11-7b9b1d850986	t	t	\N	AKIBLER16@GMAIL.COM	AKIBLER16@GMAIL.COM	AQAAAAIAAYagAAAAEH/tyNuIoKny4nTJyVOb1V9bl/GdWUil/2IClY7fakASUV+oq5O6p/MIJLTmPxRu5A==	\N	f	OL4QQLCLJD2YPTIQQIW2D3ZIXFADU57D	f
019d8463-f7a1-7b7c-976d-ea3625fc0e8e	Test user	75	\N	\N	\N	testuser	0	ad3d0868-e656-438b-b18d-57269e7e0037	f	t	\N	\N	TESTUSER	AQAAAAIAAYagAAAAEH41QbyN5c7JazXTQEI20RYjwND9RZhhBmjQDtYZKXQLWOsfJkONBxURFtCEZsRbXw==	\N	f	JQKSJUTSXS3WMYIFQHQFLOO6WBBUVIKL	f
019db7f2-95db-75aa-ba53-5e012d9de721	kiddblur	75	\N	\N	\N	kiddblur	0	009a6262-ea35-4cb2-a8e8-62ce15303f92	f	t	\N	\N	KIDDBLUR	AQAAAAIAAYagAAAAEOPJcRMSyxvGIc202nOOx0gRXIXsG1jcuS1abp4skdV+rAnThQSas0ufLgirP0koJQ==	\N	f	UHQ3AGW6L67FCLJROATTGG3DBG5OSVQQ	f
\.


--
-- Data for Name: GameSessions; Type: TABLE DATA; Schema: public; Owner: osm
--

COPY public."GameSessions" ("Id", "UserId", "ApSeedName", "Name", "ApServerUrl", "ApSlotName", "Location", "Radius", "Status", "CreatedAt", "UpdatedAt", "ReceivedItemIds", "Mode") FROM stdin;
fe8f221c-b618-4bdf-afaf-cad3b3ea7339	019d8463-f7a1-7b7c-976d-ea3625fc0e8e	\N		\N	\N	0101000020E610000088855AD3BCFF53C00E4FAF9465384440	5000	SetupInProgress	2026-04-13T01:10:46.9739789Z	2026-04-13T01:10:46.9740047Z	{}	singleplayer
2782e145-2e0a-480b-ab17-f76713b02964	019d8463-f7a1-7b7c-976d-ea3625fc0e8e	\N		\N	\N	0101000020E610000088855AD3BCFF53C00E4FAF9465384440	5000	Active	2026-04-13T01:12:03.6048558Z	2026-04-13T01:12:05.7622506Z	{}	singleplayer
b76c28a6-c2cd-47ec-bfae-2c898ac5c4ad	019d8463-f7a1-7b7c-976d-ea3625fc0e8e	\N	work	\N	\N	0101000020E6100000C3D8E7E1A70A54C09AE781032B384440	8500	Active	2026-04-13T13:14:55.3434826Z	2026-04-13T13:14:58.0256219Z	{}	singleplayer
5ae439c4-9d8e-4304-b012-fee74fc8d08a	019db7f2-95db-75aa-ba53-5e012d9de721	\N	Zelie 1km	\N	\N	0101000020E610000001000080AE0854C0BDCC91D463654440	1000	Active	2026-04-23T11:12:40.0763563Z	2026-04-23T11:12:42.8593303Z	{}	singleplayer
4197cdd8-6820-4bd4-9fa6-fc31c76be8b5	019d8463-f7a1-7b7c-976d-ea3625fc0e8e	\N		archipelago:38281	KiddblurIRL	0101000020E610000088855AD3BCFF53C00E4FAF9465384440	5000	Active	2026-04-23T20:44:21.0542248Z	2026-04-23T20:44:23.5253692Z	{}	bike
\.


--
-- Data for Name: MapNodes; Type: TABLE DATA; Schema: public; Owner: osm
--

COPY public."MapNodes" ("Id", "SessionId", "Name", "ApLocationId", "OsmNodeId", "Location", "State") FROM stdin;
18f59131-c8e9-4469-9bc6-8f5d13676ec0	2782e145-2e0a-480b-ab17-f76713b02964	Node 17	800017	osm-2782e145-2e0a-480b-ab17-f76713b02964-17	0101000020E6100000B7D672C2DF0054C051662893BF374440	Hidden
1911ed86-46ae-4ad2-b142-71bdf5d72af5	2782e145-2e0a-480b-ab17-f76713b02964	Node 14	800014	osm-2782e145-2e0a-480b-ab17-f76713b02964-14	0101000020E61000002B1D07B966FD53C02C55585F13374440	Hidden
3f828b07-1c0f-4eaf-9305-9e545fd5e30f	2782e145-2e0a-480b-ab17-f76713b02964	Node 18	800018	osm-2782e145-2e0a-480b-ab17-f76713b02964-18	0101000020E6100000781F91007F0054C01F5503835A3A4440	Hidden
51d73d21-d4a7-4c68-8db2-3d530ae451aa	2782e145-2e0a-480b-ab17-f76713b02964	Node 21	800021	osm-2782e145-2e0a-480b-ab17-f76713b02964-21	0101000020E61000001BEB877DA70054C0333A7BC26D394440	Hidden
5ec4ec74-c1c8-4f55-8040-2ee85da00b29	2782e145-2e0a-480b-ab17-f76713b02964	Node 25	800025	osm-2782e145-2e0a-480b-ab17-f76713b02964-25	0101000020E610000027A5FB943E0054C06930B209D53D4440	Hidden
6026fa1a-ab8b-4514-8ae9-83649ac81598	2782e145-2e0a-480b-ab17-f76713b02964	Node 3	800003	osm-2782e145-2e0a-480b-ab17-f76713b02964-3	0101000020E6100000E523CE2F6F0054C094DC611399394440	Available
71431a3c-6384-413c-9a61-e3c30f0a0317	2782e145-2e0a-480b-ab17-f76713b02964	Node 16	800016	osm-2782e145-2e0a-480b-ab17-f76713b02964-16	0101000020E61000008AAC3594DAFC53C041D5E8D5003B4440	Hidden
759fe272-2a68-4524-bbe1-ea39162907ef	2782e145-2e0a-480b-ab17-f76713b02964	Node 24	800024	osm-2782e145-2e0a-480b-ab17-f76713b02964-24	0101000020E61000003A0664AF77FC53C02ED10FD9F63A4440	Hidden
7bd40d04-bfb4-4503-9b9c-6e8fa0247e9e	2782e145-2e0a-480b-ab17-f76713b02964	Node 5	800005	osm-2782e145-2e0a-480b-ab17-f76713b02964-5	0101000020E6100000DC7580713AFF53C081971936CA374440	Hidden
83b0dc25-37c0-4cfd-a2b4-47b0905690a3	2782e145-2e0a-480b-ab17-f76713b02964	Node 12	800012	osm-2782e145-2e0a-480b-ab17-f76713b02964-12	0101000020E610000065147074BA0154C0761B2F38DE384440	Hidden
8fb37246-361d-46b4-9a70-76c49478a5fc	2782e145-2e0a-480b-ab17-f76713b02964	Node 11	800011	osm-2782e145-2e0a-480b-ab17-f76713b02964-11	0101000020E61000001660692A55FF53C02A2D6D82B93D4440	Hidden
922b6f77-871c-4c7d-8250-6e8bc7b48d64	2782e145-2e0a-480b-ab17-f76713b02964	Node 9	800009	osm-2782e145-2e0a-480b-ab17-f76713b02964-9	0101000020E61000001AC9795A59FF53C034BC5983F7364440	Hidden
9375458e-3861-4aba-b8fb-b774462f9a02	2782e145-2e0a-480b-ab17-f76713b02964	Node 1	800001	osm-2782e145-2e0a-480b-ab17-f76713b02964-1	0101000020E6100000327216F6340254C0E6DE0DB3E13B4440	Available
95a8c664-8898-481b-bb25-007c5f9dc30f	2782e145-2e0a-480b-ab17-f76713b02964	Node 19	800019	osm-2782e145-2e0a-480b-ab17-f76713b02964-19	0101000020E61000003993DB9B840054C0C4978922A4394440	Hidden
af4eb0d4-6590-4900-a35e-b3dfae661d35	2782e145-2e0a-480b-ab17-f76713b02964	Node 7	800007	osm-2782e145-2e0a-480b-ab17-f76713b02964-7	0101000020E61000003CFB253DE70154C09A339188DF394440	Hidden
bc803a7b-2fb0-4372-acf4-e3a95deec117	2782e145-2e0a-480b-ab17-f76713b02964	Node 6	800006	osm-2782e145-2e0a-480b-ab17-f76713b02964-6	0101000020E61000006EB99FF8D6FF53C0F82DDF9FF7354440	Hidden
c6146919-f9c6-432e-aa62-56ee2cb97d7e	2782e145-2e0a-480b-ab17-f76713b02964	Node 22	800022	osm-2782e145-2e0a-480b-ab17-f76713b02964-22	0101000020E610000049E9E3EB7CFF53C0DC1F39E345394440	Hidden
c77cf826-5cb1-470e-8472-ab6956456638	2782e145-2e0a-480b-ab17-f76713b02964	Node 4	800004	osm-2782e145-2e0a-480b-ab17-f76713b02964-4	0101000020E6100000DB430C85190254C0E6385C5084354440	Hidden
ccf4b751-0b5b-4162-8487-9787c43fbe0a	2782e145-2e0a-480b-ab17-f76713b02964	Node 23	800023	osm-2782e145-2e0a-480b-ab17-f76713b02964-23	0101000020E6100000E169E855D3FF53C0E2A139FC7F3A4440	Hidden
dd1705b8-b35e-4c3d-a1e4-6a7dd300e019	2782e145-2e0a-480b-ab17-f76713b02964	Node 13	800013	osm-2782e145-2e0a-480b-ab17-f76713b02964-13	0101000020E61000001C0EA6BCB1FD53C0AF59D3612A384440	Hidden
e2d7d0b8-d798-47a4-8dbc-154279998d00	2782e145-2e0a-480b-ab17-f76713b02964	Node 15	800015	osm-2782e145-2e0a-480b-ab17-f76713b02964-15	0101000020E61000005A619FA550FF53C0F5D5FAC7E7334440	Hidden
e4b1b759-b40c-4de7-926e-2adf5add38d3	2782e145-2e0a-480b-ab17-f76713b02964	Node 2	800002	osm-2782e145-2e0a-480b-ab17-f76713b02964-2	0101000020E6100000650CBD0FD1FE53C078CEBB56E73B4440	Available
e66d8bfa-a59e-440a-adaf-13493e02951e	2782e145-2e0a-480b-ab17-f76713b02964	Node 10	800010	osm-2782e145-2e0a-480b-ab17-f76713b02964-10	0101000020E6100000DD60A8C38AFF53C026DD3B0F93364440	Hidden
f38c7d64-1056-4f91-8f47-be945ed0c938	2782e145-2e0a-480b-ab17-f76713b02964	Node 20	800020	osm-2782e145-2e0a-480b-ab17-f76713b02964-20	0101000020E610000032EDF6B41E0254C020819AB56F3A4440	Hidden
fa10a906-ff64-4968-a32a-52a661a928cd	2782e145-2e0a-480b-ab17-f76713b02964	Node 8	800008	osm-2782e145-2e0a-480b-ab17-f76713b02964-8	0101000020E61000004C1C7920B2FE53C01DD3C9085E3A4440	Hidden
002b472b-2db1-4295-8fa4-803b6d1060da	b76c28a6-c2cd-47ec-bfae-2c898ac5c4ad	Node 26	800026	osm-b76c28a6-c2cd-47ec-bfae-2c898ac5c4ad-26	0101000020E6100000E37ACA20AD0A54C0F1924957FA354440	Hidden
072a24c9-39a4-451c-807a-c6c65eaeb7c1	b76c28a6-c2cd-47ec-bfae-2c898ac5c4ad	Node 10	800010	osm-b76c28a6-c2cd-47ec-bfae-2c898ac5c4ad-10	0101000020E6100000BABF7ADCB70A54C0FC0C5EAA883A4440	Hidden
0770e38a-f420-4d29-ac07-eb0e53d7319f	b76c28a6-c2cd-47ec-bfae-2c898ac5c4ad	Node 20	800020	osm-b76c28a6-c2cd-47ec-bfae-2c898ac5c4ad-20	0101000020E610000024946357FF0E54C058BB37D08D3A4440	Hidden
08b12de1-b800-4a41-a6c0-2b7d6b6ef1e9	b76c28a6-c2cd-47ec-bfae-2c898ac5c4ad	Node 47	800047	osm-b76c28a6-c2cd-47ec-bfae-2c898ac5c4ad-47	0101000020E610000057FF8C77EC0F54C0D76D50FBAD3A4440	Hidden
0c9ebd63-7293-4292-98fc-d98bbd39e771	b76c28a6-c2cd-47ec-bfae-2c898ac5c4ad	Node 16	800016	osm-b76c28a6-c2cd-47ec-bfae-2c898ac5c4ad-16	0101000020E61000005D386B4BF80854C0CAAFD5D468304440	Hidden
0e391d6e-988f-4664-84ed-a5087aaa3a22	b76c28a6-c2cd-47ec-bfae-2c898ac5c4ad	Node 14	800014	osm-b76c28a6-c2cd-47ec-bfae-2c898ac5c4ad-14	0101000020E610000025EC3603B70B54C0D2C20A5CC3414440	Hidden
101bb6e8-be48-41d1-af49-c2fb4ba8741b	b76c28a6-c2cd-47ec-bfae-2c898ac5c4ad	Node 37	800037	osm-b76c28a6-c2cd-47ec-bfae-2c898ac5c4ad-37	0101000020E61000008C97B89F1D0C54C0DA441CA155404440	Hidden
1164249d-1cb3-4f47-91a0-34c0f7c60dea	b76c28a6-c2cd-47ec-bfae-2c898ac5c4ad	Node 43	800043	osm-b76c28a6-c2cd-47ec-bfae-2c898ac5c4ad-43	0101000020E6100000AEA70CD2420A54C07C79A63C5F3E4440	Hidden
1374befe-ce55-4b79-805c-16cf8104de6a	b76c28a6-c2cd-47ec-bfae-2c898ac5c4ad	Node 1	800001	osm-b76c28a6-c2cd-47ec-bfae-2c898ac5c4ad-1	0101000020E610000046D9B6836C0554C0CCDA0132CF394440	Available
138f98a6-46bd-4b39-a176-691e865ef3cb	b76c28a6-c2cd-47ec-bfae-2c898ac5c4ad	Node 2	800002	osm-b76c28a6-c2cd-47ec-bfae-2c898ac5c4ad-2	0101000020E6100000E456F77E590C54C0A16AF46A80364440	Available
2868da41-d790-43d7-85a3-770764641f87	b76c28a6-c2cd-47ec-bfae-2c898ac5c4ad	Node 12	800012	osm-b76c28a6-c2cd-47ec-bfae-2c898ac5c4ad-12	0101000020E61000005D31C802CB0B54C04B1A48BCE13E4440	Hidden
2e663c6b-5cac-4f20-9d87-12c4d6bd4a66	b76c28a6-c2cd-47ec-bfae-2c898ac5c4ad	Node 41	800041	osm-b76c28a6-c2cd-47ec-bfae-2c898ac5c4ad-41	0101000020E6100000E3BA7372500A54C0E79A13C5F5344440	Hidden
348cc5b4-6c17-4fa1-98b3-cdfd5e652d29	b76c28a6-c2cd-47ec-bfae-2c898ac5c4ad	Node 33	800033	osm-b76c28a6-c2cd-47ec-bfae-2c898ac5c4ad-33	0101000020E61000001DCE5724810C54C0444882154C384440	Hidden
357da482-79b5-4d00-986c-8295a7770852	b76c28a6-c2cd-47ec-bfae-2c898ac5c4ad	Node 49	800049	osm-b76c28a6-c2cd-47ec-bfae-2c898ac5c4ad-49	0101000020E61000000BE01C64480654C0DE5F98A7CE3C4440	Hidden
40fec7f2-9fe4-4de1-9448-04ff448fb108	b76c28a6-c2cd-47ec-bfae-2c898ac5c4ad	Node 24	800024	osm-b76c28a6-c2cd-47ec-bfae-2c898ac5c4ad-24	0101000020E610000025DC7580F10D54C0B11875ADBD3D4440	Hidden
452b537d-7fa9-44e4-abfd-ff13eed84d54	b76c28a6-c2cd-47ec-bfae-2c898ac5c4ad	Node 21	800021	osm-b76c28a6-c2cd-47ec-bfae-2c898ac5c4ad-21	0101000020E61000001E17D522220654C0FD39BB6BBF3E4440	Hidden
4e9e209f-41b1-4082-aeeb-ba729cbbd720	b76c28a6-c2cd-47ec-bfae-2c898ac5c4ad	Node 19	800019	osm-b76c28a6-c2cd-47ec-bfae-2c898ac5c4ad-19	0101000020E61000006C5A2904720A54C0B708313C9B394440	Hidden
525fa364-16ac-4cf3-a92e-d9194cc5203e	b76c28a6-c2cd-47ec-bfae-2c898ac5c4ad	Node 44	800044	osm-b76c28a6-c2cd-47ec-bfae-2c898ac5c4ad-44	0101000020E61000000FE95CF6101054C0CEB1721E04344440	Hidden
5faa5780-b752-4f5b-b73b-40064264efde	b76c28a6-c2cd-47ec-bfae-2c898ac5c4ad	Node 29	800029	osm-b76c28a6-c2cd-47ec-bfae-2c898ac5c4ad-29	0101000020E610000001A83D80A00A54C0E92400A4DB334440	Hidden
60217f2b-1a8f-4327-a227-2dac6ab4563e	b76c28a6-c2cd-47ec-bfae-2c898ac5c4ad	Node 38	800038	osm-b76c28a6-c2cd-47ec-bfae-2c898ac5c4ad-38	0101000020E61000006B7418DD8B0C54C0A78F65660B3E4440	Hidden
6215e108-9570-4889-8533-93f78d5a2231	b76c28a6-c2cd-47ec-bfae-2c898ac5c4ad	Node 6	800006	osm-b76c28a6-c2cd-47ec-bfae-2c898ac5c4ad-6	0101000020E6100000EED2E17C450F54C0F6B9354470334440	Hidden
6749e2ab-3004-4705-8e33-9c0c659e751b	b76c28a6-c2cd-47ec-bfae-2c898ac5c4ad	Node 46	800046	osm-b76c28a6-c2cd-47ec-bfae-2c898ac5c4ad-46	0101000020E610000052126D220E0F54C08049850C3F3F4440	Hidden
6fbe450c-fa66-4f45-9cfc-68d6defb57b8	b76c28a6-c2cd-47ec-bfae-2c898ac5c4ad	Node 35	800035	osm-b76c28a6-c2cd-47ec-bfae-2c898ac5c4ad-35	0101000020E61000004CDF6B080E0B54C06D6FB72407394440	Hidden
70f8cdcc-0824-4553-8b05-b37a4cadefc9	b76c28a6-c2cd-47ec-bfae-2c898ac5c4ad	Node 36	800036	osm-b76c28a6-c2cd-47ec-bfae-2c898ac5c4ad-36	0101000020E61000000298D7B64D0D54C01BDE077B6E3C4440	Hidden
7194377f-a26f-4940-b6cb-6643511822a1	b76c28a6-c2cd-47ec-bfae-2c898ac5c4ad	Node 32	800032	osm-b76c28a6-c2cd-47ec-bfae-2c898ac5c4ad-32	0101000020E6100000D3AF6312640654C0E208ADE2E83C4440	Hidden
756a5736-9f47-43ab-a447-70634b0418dc	b76c28a6-c2cd-47ec-bfae-2c898ac5c4ad	Node 5	800005	osm-b76c28a6-c2cd-47ec-bfae-2c898ac5c4ad-5	0101000020E6100000B47977BF650B54C00D37E0F3C3304440	Hidden
7f3d8573-2b25-4b6e-ac2f-090584f337b3	b76c28a6-c2cd-47ec-bfae-2c898ac5c4ad	Node 55	800055	osm-b76c28a6-c2cd-47ec-bfae-2c898ac5c4ad-55	0101000020E61000008A839554370854C008B2F913F0354440	Hidden
80c7f08d-ac3a-4ede-a52b-5a1fdc4e791d	b76c28a6-c2cd-47ec-bfae-2c898ac5c4ad	Node 17	800017	osm-b76c28a6-c2cd-47ec-bfae-2c898ac5c4ad-17	0101000020E6100000FEC9294BBE0854C0B9252834FF324440	Hidden
8fd0d998-54d9-4752-8752-be9edf8e7e01	b76c28a6-c2cd-47ec-bfae-2c898ac5c4ad	Node 11	800011	osm-b76c28a6-c2cd-47ec-bfae-2c898ac5c4ad-11	0101000020E61000002733DE56FA0A54C0E4086355CE3D4440	Hidden
90066d3a-5dcf-49ee-aa75-99854f4187b8	b76c28a6-c2cd-47ec-bfae-2c898ac5c4ad	Node 54	800054	osm-b76c28a6-c2cd-47ec-bfae-2c898ac5c4ad-54	0101000020E6100000BEDFC380000F54C08C54CECDED334440	Hidden
964bd26c-cc79-432b-8fad-b35927cc4ac7	b76c28a6-c2cd-47ec-bfae-2c898ac5c4ad	Node 3	800003	osm-b76c28a6-c2cd-47ec-bfae-2c898ac5c4ad-3	0101000020E6100000472FB484C60B54C0D9F5C1E8A8344440	Available
9b4e9b43-ef24-437d-a221-e59a90f287fd	b76c28a6-c2cd-47ec-bfae-2c898ac5c4ad	Node 13	800013	osm-b76c28a6-c2cd-47ec-bfae-2c898ac5c4ad-13	0101000020E610000098EB7E5F6D0D54C0D1E80E6267384440	Hidden
a4f1e48e-5359-4721-b891-0053ce4add2e	b76c28a6-c2cd-47ec-bfae-2c898ac5c4ad	Node 30	800030	osm-b76c28a6-c2cd-47ec-bfae-2c898ac5c4ad-30	0101000020E6100000449AC294120B54C000C63368E83F4440	Hidden
a6015491-6c24-492e-a028-1422d8f3966a	b76c28a6-c2cd-47ec-bfae-2c898ac5c4ad	Node 22	800022	osm-b76c28a6-c2cd-47ec-bfae-2c898ac5c4ad-22	0101000020E610000025C4A6DF4F0854C041F163CC5D3B4440	Hidden
a83ff509-cb39-4e42-9a0b-bd8454d03ba3	b76c28a6-c2cd-47ec-bfae-2c898ac5c4ad	Node 15	800015	osm-b76c28a6-c2cd-47ec-bfae-2c898ac5c4ad-15	0101000020E610000094E5DA06240754C078E68AF788364440	Hidden
ac61e0d6-0cac-41e5-becd-1a3f71cf5b5f	b76c28a6-c2cd-47ec-bfae-2c898ac5c4ad	Node 51	800051	osm-b76c28a6-c2cd-47ec-bfae-2c898ac5c4ad-51	0101000020E6100000DEB133E0870754C0BC02D19332394440	Hidden
ad4ea01e-a87d-4ab9-a14a-5da93ec0a411	b76c28a6-c2cd-47ec-bfae-2c898ac5c4ad	Node 9	800009	osm-b76c28a6-c2cd-47ec-bfae-2c898ac5c4ad-9	0101000020E61000002E5338271B0C54C0C5950E31B9344440	Hidden
ada59187-02bc-420f-8d8f-59f5a04df7a5	b76c28a6-c2cd-47ec-bfae-2c898ac5c4ad	Node 8	800008	osm-b76c28a6-c2cd-47ec-bfae-2c898ac5c4ad-8	0101000020E6100000347FF1B1E00E54C05FD78A9180374440	Hidden
b271b77d-7b24-4593-8a81-dc152add92af	b76c28a6-c2cd-47ec-bfae-2c898ac5c4ad	Node 40	800040	osm-b76c28a6-c2cd-47ec-bfae-2c898ac5c4ad-40	0101000020E6100000AB28B91E600754C0C0F91E3F653D4440	Hidden
bb3c1703-9505-4c6d-910c-4c15ab11c3df	b76c28a6-c2cd-47ec-bfae-2c898ac5c4ad	Node 4	800004	osm-b76c28a6-c2cd-47ec-bfae-2c898ac5c4ad-4	0101000020E61000002C2B4D4AC10E54C00A922D814A344440	Hidden
bd3f6da8-1eb4-4c98-8313-cffeb7736cb2	b76c28a6-c2cd-47ec-bfae-2c898ac5c4ad	Node 7	800007	osm-b76c28a6-c2cd-47ec-bfae-2c898ac5c4ad-7	0101000020E610000031992A18150A54C0D72C3CD45B374440	Hidden
bdee15c4-e115-40d6-a5f6-cb21fae0eb22	b76c28a6-c2cd-47ec-bfae-2c898ac5c4ad	Node 52	800052	osm-b76c28a6-c2cd-47ec-bfae-2c898ac5c4ad-52	0101000020E6100000F2E8EB9E610A54C0E400B0F0E4324440	Hidden
c6225a9f-e327-42a7-a457-e3270723e273	b76c28a6-c2cd-47ec-bfae-2c898ac5c4ad	Node 34	800034	osm-b76c28a6-c2cd-47ec-bfae-2c898ac5c4ad-34	0101000020E6100000AD1B4A487F0D54C06252D735B53C4440	Hidden
c81dc201-52ba-4210-9dba-203a9d19689a	b76c28a6-c2cd-47ec-bfae-2c898ac5c4ad	Node 48	800048	osm-b76c28a6-c2cd-47ec-bfae-2c898ac5c4ad-48	0101000020E61000008FF6E406E80954C0CEDD53DE33304440	Hidden
cfa6f8d7-2744-4d46-aaed-99fede9a33c3	b76c28a6-c2cd-47ec-bfae-2c898ac5c4ad	Node 23	800023	osm-b76c28a6-c2cd-47ec-bfae-2c898ac5c4ad-23	0101000020E610000034F04861830F54C0E81D5D5B2E3A4440	Hidden
d0f8a8c2-24e4-4c80-b463-e237d57bc904	b76c28a6-c2cd-47ec-bfae-2c898ac5c4ad	Node 28	800028	osm-b76c28a6-c2cd-47ec-bfae-2c898ac5c4ad-28	0101000020E6100000444BC395580954C06A45E570F7304440	Hidden
d4f5a5a4-8d24-445a-a931-1eb312058a8b	b76c28a6-c2cd-47ec-bfae-2c898ac5c4ad	Node 18	800018	osm-b76c28a6-c2cd-47ec-bfae-2c898ac5c4ad-18	0101000020E6100000C6713B8FE50C54C0707D586FD4354440	Hidden
d5d46abc-cf0d-46ac-8cc3-68243b277f08	b76c28a6-c2cd-47ec-bfae-2c898ac5c4ad	Node 53	800053	osm-b76c28a6-c2cd-47ec-bfae-2c898ac5c4ad-53	0101000020E610000001A60C1C500F54C037C5E3A25A384440	Hidden
d9b31673-c5c4-46fb-b300-7dc79ae45a6f	b76c28a6-c2cd-47ec-bfae-2c898ac5c4ad	Node 42	800042	osm-b76c28a6-c2cd-47ec-bfae-2c898ac5c4ad-42	0101000020E6100000B92B05EE8A0954C021185124A9354440	Hidden
da17fe97-2c2c-44c4-820b-c3d661de99f9	b76c28a6-c2cd-47ec-bfae-2c898ac5c4ad	Node 39	800039	osm-b76c28a6-c2cd-47ec-bfae-2c898ac5c4ad-39	0101000020E6100000BAD8B452081054C0B6638FF5793C4440	Hidden
da8b823f-677f-4767-a1e6-c3e61383595d	b76c28a6-c2cd-47ec-bfae-2c898ac5c4ad	Node 45	800045	osm-b76c28a6-c2cd-47ec-bfae-2c898ac5c4ad-45	0101000020E6100000E7B5C82C310A54C004A678019B334440	Hidden
dc1b51e4-f246-4f32-8271-1a3308e196f9	b76c28a6-c2cd-47ec-bfae-2c898ac5c4ad	Node 50	800050	osm-b76c28a6-c2cd-47ec-bfae-2c898ac5c4ad-50	0101000020E61000003198BF42E60E54C02B2F9EE689394440	Hidden
dfc9d34e-a0b9-4adc-8b76-b724ac8980a9	b76c28a6-c2cd-47ec-bfae-2c898ac5c4ad	Node 27	800027	osm-b76c28a6-c2cd-47ec-bfae-2c898ac5c4ad-27	0101000020E6100000CA8D7D24000C54C0ED5E93DA303A4440	Hidden
dfcd59c3-da6d-4327-8a86-1ac0406a639e	b76c28a6-c2cd-47ec-bfae-2c898ac5c4ad	Node 25	800025	osm-b76c28a6-c2cd-47ec-bfae-2c898ac5c4ad-25	0101000020E61000008E1F2A8D180A54C0AC7E5B66C7394440	Hidden
f9ccc93b-b4a8-442f-93bf-6d72a0306ae1	b76c28a6-c2cd-47ec-bfae-2c898ac5c4ad	Node 31	800031	osm-b76c28a6-c2cd-47ec-bfae-2c898ac5c4ad-31	0101000020E61000006DC5FEB27B0A54C0F72235481C3E4440	Hidden
01b92298-f588-409e-b1cf-0dc5cfd31d22	4197cdd8-6820-4bd4-9fa6-fc31c76be8b5	Node 35	800035	osm-4197cdd8-6820-4bd4-9fa6-fc31c76be8b5-35	0101000020E6100000DCDCF357230254C0EFF494E6A0384440	Hidden
04c382ac-c47e-44e4-a8c7-f062c2703ab8	4197cdd8-6820-4bd4-9fa6-fc31c76be8b5	Node 4	800004	osm-4197cdd8-6820-4bd4-9fa6-fc31c76be8b5-4	0101000020E610000069801CDE3D0054C015731074B43B4440	Hidden
0aabfaa6-5438-4bc3-b261-cff9fea437f4	4197cdd8-6820-4bd4-9fa6-fc31c76be8b5	Node 21	800021	osm-4197cdd8-6820-4bd4-9fa6-fc31c76be8b5-21	0101000020E6100000BF81C98DA2FD53C0B8674C778D394440	Hidden
0b19614f-1cb9-496c-9923-4dfe0a5b7934	4197cdd8-6820-4bd4-9fa6-fc31c76be8b5	Node 33	800033	osm-4197cdd8-6820-4bd4-9fa6-fc31c76be8b5-33	0101000020E6100000CA58C8B7D2FD53C0659F11B6E9334440	Hidden
1883d63e-9b77-4025-9667-7080941a9d51	4197cdd8-6820-4bd4-9fa6-fc31c76be8b5	Node 49	800049	osm-4197cdd8-6820-4bd4-9fa6-fc31c76be8b5-49	0101000020E6100000BB8CAC46400054C06490BB0853354440	Hidden
1d6b47d9-0548-4f6a-98b7-27666d540e2e	4197cdd8-6820-4bd4-9fa6-fc31c76be8b5	Node 30	800030	osm-4197cdd8-6820-4bd4-9fa6-fc31c76be8b5-30	0101000020E61000009F31DD35B2FC53C0D3D5C2D1FA3A4440	Hidden
2cc4c4fe-b8ea-41ec-af1e-7ae66df47bb2	5ae439c4-9d8e-4304-b012-fee74fc8d08a	Node 5	800005	osm-5ae439c4-9d8e-4304-b012-fee74fc8d08a-5	0101000020E610000094FAB2B4530854C0698A00A777654440	Available
4af16c91-dd1f-4739-8b8f-913282ff70aa	5ae439c4-9d8e-4304-b012-fee74fc8d08a	Node 4	800004	osm-5ae439c4-9d8e-4304-b012-fee74fc8d08a-4	0101000020E6100000056B9C4D470854C08E0244C18C654440	Available
ec56820f-eab8-4731-8937-bd124f626de5	5ae439c4-9d8e-4304-b012-fee74fc8d08a	Node 6	800006	osm-5ae439c4-9d8e-4304-b012-fee74fc8d08a-6	0101000020E6100000210725CCB40854C072DF6A9DB8644440	Available
150270fc-4868-4f7d-a096-f9ed23808574	5ae439c4-9d8e-4304-b012-fee74fc8d08a	Node 3	800003	osm-5ae439c4-9d8e-4304-b012-fee74fc8d08a-3	0101000020E61000002AE09EE74F0854C02A711DE38A654440	Checked
8a0f3a05-4487-4711-9332-74e6552fb466	5ae439c4-9d8e-4304-b012-fee74fc8d08a	Node 1	800001	osm-5ae439c4-9d8e-4304-b012-fee74fc8d08a-1	0101000020E610000000917EFB3A0854C006465ED6C4644440	Checked
c589a6d8-a440-4f4a-badb-c0d650c44fa0	5ae439c4-9d8e-4304-b012-fee74fc8d08a	Node 2	800002	osm-5ae439c4-9d8e-4304-b012-fee74fc8d08a-2	0101000020E610000038F4160FEF0854C03CBEBD6BD0654440	Checked
1f7a0210-c6e8-4931-9c0d-1495dde43246	4197cdd8-6820-4bd4-9fa6-fc31c76be8b5	Node 37	800037	osm-4197cdd8-6820-4bd4-9fa6-fc31c76be8b5-37	0101000020E61000003054B428A2FF53C0E407F87F1F3D4440	Hidden
2607aeb7-8912-487e-b54f-89f4987afc78	4197cdd8-6820-4bd4-9fa6-fc31c76be8b5	Node 45	800045	osm-4197cdd8-6820-4bd4-9fa6-fc31c76be8b5-45	0101000020E61000000BE82A82A40054C0BEE94C90C73B4440	Hidden
2e92167d-338c-48e8-802c-6017991c3d33	4197cdd8-6820-4bd4-9fa6-fc31c76be8b5	Node 32	800032	osm-4197cdd8-6820-4bd4-9fa6-fc31c76be8b5-32	0101000020E6100000D60BF43FAF0154C091C71D801E3A4440	Hidden
314ee055-3368-402c-ae5f-2304fe5560f8	4197cdd8-6820-4bd4-9fa6-fc31c76be8b5	Node 26	800026	osm-4197cdd8-6820-4bd4-9fa6-fc31c76be8b5-26	0101000020E6100000B5519D0EE40154C0BF1880FC5B354440	Hidden
35047f55-9482-46e4-941b-2f726dd186b2	4197cdd8-6820-4bd4-9fa6-fc31c76be8b5	Node 7	800007	osm-4197cdd8-6820-4bd4-9fa6-fc31c76be8b5-7	0101000020E6100000E3FC4D28C4FC53C09FB0C403CA3A4440	Hidden
02075696-d92d-41cc-a496-67e049bcfd1a	5ae439c4-9d8e-4304-b012-fee74fc8d08a	Node 14	800014	osm-5ae439c4-9d8e-4304-b012-fee74fc8d08a-14	0101000020E610000004392861260854C06000868A16654440	Hidden
078386d1-85ef-459d-9ad4-31de2e14c85f	5ae439c4-9d8e-4304-b012-fee74fc8d08a	Node 13	800013	osm-5ae439c4-9d8e-4304-b012-fee74fc8d08a-13	0101000020E6100000750470B3F80854C000A0D4A8D1644440	Hidden
23a65df7-20a3-4d12-8d16-18cdc8ce1a27	5ae439c4-9d8e-4304-b012-fee74fc8d08a	Node 7	800007	osm-5ae439c4-9d8e-4304-b012-fee74fc8d08a-7	0101000020E610000096B95400670854C09C8136DEC2654440	Hidden
3a703212-5379-44fe-8a92-71508a601cc9	5ae439c4-9d8e-4304-b012-fee74fc8d08a	Node 9	800009	osm-5ae439c4-9d8e-4304-b012-fee74fc8d08a-9	0101000020E610000055DF54FF7B0854C036DC91FB67664440	Hidden
4154e577-e738-4dfb-b2b2-b5e50d0bd992	5ae439c4-9d8e-4304-b012-fee74fc8d08a	Node 10	800010	osm-5ae439c4-9d8e-4304-b012-fee74fc8d08a-10	0101000020E61000002B8B1DE87C0854C0C7C3D6C79E644440	Hidden
63aee577-0221-45ec-ada1-d8b30cf9ca4b	5ae439c4-9d8e-4304-b012-fee74fc8d08a	Node 12	800012	osm-5ae439c4-9d8e-4304-b012-fee74fc8d08a-12	0101000020E61000007334A20F710854C0CAFACDC474644440	Hidden
749a11ef-2f34-4a9d-b16e-a1e0e4e91e7d	5ae439c4-9d8e-4304-b012-fee74fc8d08a	Node 8	800008	osm-5ae439c4-9d8e-4304-b012-fee74fc8d08a-8	0101000020E6100000C9AA0837190954C089867B1B51654440	Hidden
7d198e7e-d899-44b2-806f-c95e733c8e1e	5ae439c4-9d8e-4304-b012-fee74fc8d08a	Node 15	800015	osm-5ae439c4-9d8e-4304-b012-fee74fc8d08a-15	0101000020E6100000EE17FDB2450854C0D198A48D7E654440	Hidden
bc6c86ab-0850-4159-8a7d-ca4169dae77e	5ae439c4-9d8e-4304-b012-fee74fc8d08a	Node 11	800011	osm-5ae439c4-9d8e-4304-b012-fee74fc8d08a-11	0101000020E610000073203537700854C0D77F42E2C3644440	Hidden
3a0d1025-9f1d-4bf2-ac97-91747d62f608	4197cdd8-6820-4bd4-9fa6-fc31c76be8b5	Node 9	800009	osm-4197cdd8-6820-4bd4-9fa6-fc31c76be8b5-9	0101000020E6100000B8FC2C3BE9FE53C0A97BAE00F0384440	Hidden
4456cb98-dc6c-4b36-9d54-79b39c2cb009	4197cdd8-6820-4bd4-9fa6-fc31c76be8b5	Node 47	800047	osm-4197cdd8-6820-4bd4-9fa6-fc31c76be8b5-47	0101000020E6100000803221414CFE53C0A962CF43123B4440	Hidden
4670e1e7-0bab-4d40-93fe-3f1844684875	4197cdd8-6820-4bd4-9fa6-fc31c76be8b5	Node 14	800014	osm-4197cdd8-6820-4bd4-9fa6-fc31c76be8b5-14	0101000020E610000023FF829323FF53C070F14B5876354440	Hidden
4a636a8d-3c57-4951-aa7c-9cf649215105	4197cdd8-6820-4bd4-9fa6-fc31c76be8b5	Node 12	800012	osm-4197cdd8-6820-4bd4-9fa6-fc31c76be8b5-12	0101000020E61000002E43D25D48FE53C011E9126976394440	Hidden
4fa816a8-8eec-46a8-9988-6dc588462064	4197cdd8-6820-4bd4-9fa6-fc31c76be8b5	Node 23	800023	osm-4197cdd8-6820-4bd4-9fa6-fc31c76be8b5-23	0101000020E61000006239F878570054C074BD231928374440	Hidden
5bc07cf8-8821-421d-8c6b-1ff015250875	4197cdd8-6820-4bd4-9fa6-fc31c76be8b5	Node 16	800016	osm-4197cdd8-6820-4bd4-9fa6-fc31c76be8b5-16	0101000020E610000009D4AC7DCBFF53C02A1DACFF73384440	Hidden
5ce33c26-166b-4172-87a4-917386ff2dc7	4197cdd8-6820-4bd4-9fa6-fc31c76be8b5	Node 5	800005	osm-4197cdd8-6820-4bd4-9fa6-fc31c76be8b5-5	0101000020E610000075F8B53F610354C04BA07719B4384440	Hidden
646a191b-45c9-445d-b624-2db417a41907	4197cdd8-6820-4bd4-9fa6-fc31c76be8b5	Node 3	800003	osm-4197cdd8-6820-4bd4-9fa6-fc31c76be8b5-3	0101000020E6100000EBE6E26FFBFE53C06E5EE68585344440	Available
675ae447-094e-47c2-b4f4-c7079add7d5c	4197cdd8-6820-4bd4-9fa6-fc31c76be8b5	Node 42	800042	osm-4197cdd8-6820-4bd4-9fa6-fc31c76be8b5-42	0101000020E61000001A506F464D0254C02AECFDA1F4344440	Hidden
6897b103-2b0d-4590-aaba-70c9d4e0e2e3	4197cdd8-6820-4bd4-9fa6-fc31c76be8b5	Node 1	800001	osm-4197cdd8-6820-4bd4-9fa6-fc31c76be8b5-1	0101000020E61000001202A898390054C0FD55DBA8A93B4440	Available
6ac08fa6-1ee9-48a6-8fd1-d11a25da955d	4197cdd8-6820-4bd4-9fa6-fc31c76be8b5	Node 19	800019	osm-4197cdd8-6820-4bd4-9fa6-fc31c76be8b5-19	0101000020E6100000BC5983F7D5FE53C0B87F1B182F374440	Hidden
72e0b6e8-b68f-4bbd-a701-62834c6b83d8	4197cdd8-6820-4bd4-9fa6-fc31c76be8b5	Node 38	800038	osm-4197cdd8-6820-4bd4-9fa6-fc31c76be8b5-38	0101000020E6100000083E062BCEFE53C07A0A6FC5B4384440	Hidden
8b87f6a8-31bd-4df4-8cc3-ee735b17f95e	4197cdd8-6820-4bd4-9fa6-fc31c76be8b5	Node 25	800025	osm-4197cdd8-6820-4bd4-9fa6-fc31c76be8b5-25	0101000020E6100000CDCEFD301DFD53C0C97553CA6B374440	Hidden
8c1a4a60-068a-472d-a18a-c7631150355a	4197cdd8-6820-4bd4-9fa6-fc31c76be8b5	Node 34	800034	osm-4197cdd8-6820-4bd4-9fa6-fc31c76be8b5-34	0101000020E6100000BDB2C178BC0054C02A67391AD13C4440	Hidden
8c5eb5e3-5cbc-42b4-843a-fe8bb103e3ce	4197cdd8-6820-4bd4-9fa6-fc31c76be8b5	Node 24	800024	osm-4197cdd8-6820-4bd4-9fa6-fc31c76be8b5-24	0101000020E6100000CB8FAE88D0FE53C05F12C2FE463A4440	Hidden
90fda1f1-9370-4797-8076-8ea35cc5532e	4197cdd8-6820-4bd4-9fa6-fc31c76be8b5	Node 8	800008	osm-4197cdd8-6820-4bd4-9fa6-fc31c76be8b5-8	0101000020E6100000BDBA74DD250254C0F060D56A59374440	Hidden
95a84d9f-986b-4612-8e8f-bf17f6b0ce59	4197cdd8-6820-4bd4-9fa6-fc31c76be8b5	Node 10	800010	osm-4197cdd8-6820-4bd4-9fa6-fc31c76be8b5-10	0101000020E610000055C5AFB3FC0054C0E9F2E670AD334440	Hidden
9af8d298-f2b3-45b5-a9a0-752520d2a095	4197cdd8-6820-4bd4-9fa6-fc31c76be8b5	Node 27	800027	osm-4197cdd8-6820-4bd4-9fa6-fc31c76be8b5-27	0101000020E61000007A820E04920254C05BE21291AB394440	Hidden
9e0d9df3-33f2-4f0b-8d3b-91747c1e6c86	4197cdd8-6820-4bd4-9fa6-fc31c76be8b5	Node 39	800039	osm-4197cdd8-6820-4bd4-9fa6-fc31c76be8b5-39	0101000020E61000000B36BFABAFFC53C0CA77DFE7AE3A4440	Hidden
9fe2251a-c8d8-448d-9f1b-365fff471314	4197cdd8-6820-4bd4-9fa6-fc31c76be8b5	Node 13	800013	osm-4197cdd8-6820-4bd4-9fa6-fc31c76be8b5-13	0101000020E6100000110CD6EE8D0254C074B2D47ABF384440	Hidden
a1c640af-ef4f-4228-b360-2dc9229a2118	4197cdd8-6820-4bd4-9fa6-fc31c76be8b5	Node 29	800029	osm-4197cdd8-6820-4bd4-9fa6-fc31c76be8b5-29	0101000020E6100000B7353344DF0254C022495A3B9B384440	Hidden
aa0011f1-6bf5-4ee5-a6dc-ef988998beb6	4197cdd8-6820-4bd4-9fa6-fc31c76be8b5	Node 2	800002	osm-4197cdd8-6820-4bd4-9fa6-fc31c76be8b5-2	0101000020E6100000BE7A264575FE53C097A8DE1AD83B4440	Available
ad4b9c21-80c2-41e4-b5b5-e38434f19f4b	4197cdd8-6820-4bd4-9fa6-fc31c76be8b5	Node 50	800050	osm-4197cdd8-6820-4bd4-9fa6-fc31c76be8b5-50	0101000020E6100000EF91CD55F30054C01316CBE31F344440	Hidden
b04e2b1e-a80d-462e-9573-6aa4a87f9987	4197cdd8-6820-4bd4-9fa6-fc31c76be8b5	Node 41	800041	osm-4197cdd8-6820-4bd4-9fa6-fc31c76be8b5-41	0101000020E6100000ACE122F774FE53C010768A5583354440	Hidden
b0952c15-ca24-4454-bb71-278aaa8cdb39	4197cdd8-6820-4bd4-9fa6-fc31c76be8b5	Node 18	800018	osm-4197cdd8-6820-4bd4-9fa6-fc31c76be8b5-18	0101000020E61000000F09DFFB1B0054C0DB166536C8364440	Hidden
b345551e-f0b1-470f-8509-57acfb270f0f	4197cdd8-6820-4bd4-9fa6-fc31c76be8b5	Node 46	800046	osm-4197cdd8-6820-4bd4-9fa6-fc31c76be8b5-46	0101000020E6100000C2572A5E9B0154C0581B6327BC3B4440	Hidden
babaf55d-6bd8-4137-a8d6-f302d5a343da	4197cdd8-6820-4bd4-9fa6-fc31c76be8b5	Node 22	800022	osm-4197cdd8-6820-4bd4-9fa6-fc31c76be8b5-22	0101000020E61000006635B80867FD53C0269F68684D384440	Hidden
c0e86526-1354-441b-a7f4-fbd104720893	4197cdd8-6820-4bd4-9fa6-fc31c76be8b5	Node 6	800006	osm-4197cdd8-6820-4bd4-9fa6-fc31c76be8b5-6	0101000020E610000059390F82E9FF53C053F7B7BA523D4440	Hidden
c24df2da-b4fc-4778-a4ca-127459f8aca7	4197cdd8-6820-4bd4-9fa6-fc31c76be8b5	Node 44	800044	osm-4197cdd8-6820-4bd4-9fa6-fc31c76be8b5-44	0101000020E61000001A10C6F429FF53C0CCF511537D354440	Hidden
c393bf67-5080-4149-b9dd-a8495e7393ad	4197cdd8-6820-4bd4-9fa6-fc31c76be8b5	Node 36	800036	osm-4197cdd8-6820-4bd4-9fa6-fc31c76be8b5-36	0101000020E6100000F44E05DCF3FF53C0326CDE82B6364440	Hidden
c518a426-0005-4321-bb56-ffabe2618409	4197cdd8-6820-4bd4-9fa6-fc31c76be8b5	Node 43	800043	osm-4197cdd8-6820-4bd4-9fa6-fc31c76be8b5-43	0101000020E61000000D5D3FB3DAFE53C0FC89CA8635344440	Hidden
c54e8926-3dbe-4147-831e-1bcc50a46755	4197cdd8-6820-4bd4-9fa6-fc31c76be8b5	Node 20	800020	osm-4197cdd8-6820-4bd4-9fa6-fc31c76be8b5-20	0101000020E6100000132A38BC20FD53C031ABC14538354440	Hidden
d03e320b-884f-4a24-9cb9-d54d70d4e196	4197cdd8-6820-4bd4-9fa6-fc31c76be8b5	Node 17	800017	osm-4197cdd8-6820-4bd4-9fa6-fc31c76be8b5-17	0101000020E61000005BF1683EC2FE53C0F63A4E76D8354440	Hidden
d787aa3f-9a42-4d44-bb59-f774d91cba66	4197cdd8-6820-4bd4-9fa6-fc31c76be8b5	Node 40	800040	osm-4197cdd8-6820-4bd4-9fa6-fc31c76be8b5-40	0101000020E61000003AA7FEE66A0154C0A91CEE7E70334440	Hidden
d95a681e-2d8f-45c6-93ae-701c4630e2f9	4197cdd8-6820-4bd4-9fa6-fc31c76be8b5	Node 28	800028	osm-4197cdd8-6820-4bd4-9fa6-fc31c76be8b5-28	0101000020E61000007383A10E2B0154C0EFB490DB8A364440	Hidden
de5668f5-0c98-4213-b750-2a459e64ea55	4197cdd8-6820-4bd4-9fa6-fc31c76be8b5	Node 15	800015	osm-4197cdd8-6820-4bd4-9fa6-fc31c76be8b5-15	0101000020E6100000B33973B44FFD53C0E40FABE4083A4440	Hidden
e16b50c2-0f4e-404e-9258-d0819a032725	4197cdd8-6820-4bd4-9fa6-fc31c76be8b5	Node 48	800048	osm-4197cdd8-6820-4bd4-9fa6-fc31c76be8b5-48	0101000020E6100000956BC0D6DBFD53C0F46BEBA7FF344440	Hidden
f6e4f203-9362-4555-8300-146a5a35a571	4197cdd8-6820-4bd4-9fa6-fc31c76be8b5	Node 11	800011	osm-4197cdd8-6820-4bd4-9fa6-fc31c76be8b5-11	0101000020E610000099AD06729AFD53C0A774B0FECF334440	Hidden
fb440393-d72e-4a2f-a98a-6cc76b275b61	4197cdd8-6820-4bd4-9fa6-fc31c76be8b5	Node 31	800031	osm-4197cdd8-6820-4bd4-9fa6-fc31c76be8b5-31	0101000020E6100000640B9CC7BCFC53C0501DAB949E354440	Hidden
\.


--
-- Data for Name: __EFMigrationsHistory; Type: TABLE DATA; Schema: public; Owner: osm
--

COPY public."__EFMigrationsHistory" ("MigrationId", "ProductVersion") FROM stdin;
20260408024033_Initial	10.0.5
20260408024123_AddReceivedItemIdsToSession	10.0.5
20260408033726_AddIdentitySupport	10.0.5
20260408162647_RemoveActivityAndRoute	10.0.5
20260408183516_AddModeToSession	10.0.5
20260408235544_MakeWeightNullable	10.0.5
\.


--
-- Data for Name: spatial_ref_sys; Type: TABLE DATA; Schema: public; Owner: osm
--

COPY public.spatial_ref_sys (srid, auth_name, auth_srid, srtext, proj4text) FROM stdin;
\.


--
-- Data for Name: geocode_settings; Type: TABLE DATA; Schema: tiger; Owner: osm
--

COPY tiger.geocode_settings (name, setting, unit, category, short_desc) FROM stdin;
\.


--
-- Data for Name: pagc_gaz; Type: TABLE DATA; Schema: tiger; Owner: osm
--

COPY tiger.pagc_gaz (id, seq, word, stdword, token, is_custom) FROM stdin;
\.


--
-- Data for Name: pagc_lex; Type: TABLE DATA; Schema: tiger; Owner: osm
--

COPY tiger.pagc_lex (id, seq, word, stdword, token, is_custom) FROM stdin;
\.


--
-- Data for Name: pagc_rules; Type: TABLE DATA; Schema: tiger; Owner: osm
--

COPY tiger.pagc_rules (id, rule, is_custom) FROM stdin;
\.


--
-- Data for Name: topology; Type: TABLE DATA; Schema: topology; Owner: osm
--

COPY topology.topology (id, name, srid, "precision", hasz) FROM stdin;
\.


--
-- Data for Name: layer; Type: TABLE DATA; Schema: topology; Owner: osm
--

COPY topology.layer (topology_id, layer_id, schema_name, table_name, feature_column, feature_type, level, child_id) FROM stdin;
\.


--
-- Name: ApiLogs_Id_seq; Type: SEQUENCE SET; Schema: public; Owner: osm
--

SELECT pg_catalog.setval('public."ApiLogs_Id_seq"', 58, true);


--
-- Name: AspNetRoleClaims_Id_seq; Type: SEQUENCE SET; Schema: public; Owner: osm
--

SELECT pg_catalog.setval('public."AspNetRoleClaims_Id_seq"', 1, false);


--
-- Name: AspNetUserClaims_Id_seq; Type: SEQUENCE SET; Schema: public; Owner: osm
--

SELECT pg_catalog.setval('public."AspNetUserClaims_Id_seq"', 1, false);


--
-- Name: topology_id_seq; Type: SEQUENCE SET; Schema: topology; Owner: osm
--

SELECT pg_catalog.setval('topology.topology_id_seq', 1, false);


--
-- Name: ApiLogs PK_ApiLogs; Type: CONSTRAINT; Schema: public; Owner: osm
--

ALTER TABLE ONLY public."ApiLogs"
    ADD CONSTRAINT "PK_ApiLogs" PRIMARY KEY ("Id");


--
-- Name: AspNetRoleClaims PK_AspNetRoleClaims; Type: CONSTRAINT; Schema: public; Owner: osm
--

ALTER TABLE ONLY public."AspNetRoleClaims"
    ADD CONSTRAINT "PK_AspNetRoleClaims" PRIMARY KEY ("Id");


--
-- Name: AspNetRoles PK_AspNetRoles; Type: CONSTRAINT; Schema: public; Owner: osm
--

ALTER TABLE ONLY public."AspNetRoles"
    ADD CONSTRAINT "PK_AspNetRoles" PRIMARY KEY ("Id");


--
-- Name: AspNetUserClaims PK_AspNetUserClaims; Type: CONSTRAINT; Schema: public; Owner: osm
--

ALTER TABLE ONLY public."AspNetUserClaims"
    ADD CONSTRAINT "PK_AspNetUserClaims" PRIMARY KEY ("Id");


--
-- Name: AspNetUserLogins PK_AspNetUserLogins; Type: CONSTRAINT; Schema: public; Owner: osm
--

ALTER TABLE ONLY public."AspNetUserLogins"
    ADD CONSTRAINT "PK_AspNetUserLogins" PRIMARY KEY ("LoginProvider", "ProviderKey");


--
-- Name: AspNetUserRoles PK_AspNetUserRoles; Type: CONSTRAINT; Schema: public; Owner: osm
--

ALTER TABLE ONLY public."AspNetUserRoles"
    ADD CONSTRAINT "PK_AspNetUserRoles" PRIMARY KEY ("UserId", "RoleId");


--
-- Name: AspNetUserTokens PK_AspNetUserTokens; Type: CONSTRAINT; Schema: public; Owner: osm
--

ALTER TABLE ONLY public."AspNetUserTokens"
    ADD CONSTRAINT "PK_AspNetUserTokens" PRIMARY KEY ("UserId", "LoginProvider", "Name");


--
-- Name: AspNetUsers PK_AspNetUsers; Type: CONSTRAINT; Schema: public; Owner: osm
--

ALTER TABLE ONLY public."AspNetUsers"
    ADD CONSTRAINT "PK_AspNetUsers" PRIMARY KEY ("Id");


--
-- Name: GameSessions PK_GameSessions; Type: CONSTRAINT; Schema: public; Owner: osm
--

ALTER TABLE ONLY public."GameSessions"
    ADD CONSTRAINT "PK_GameSessions" PRIMARY KEY ("Id");


--
-- Name: MapNodes PK_MapNodes; Type: CONSTRAINT; Schema: public; Owner: osm
--

ALTER TABLE ONLY public."MapNodes"
    ADD CONSTRAINT "PK_MapNodes" PRIMARY KEY ("Id");


--
-- Name: __EFMigrationsHistory PK___EFMigrationsHistory; Type: CONSTRAINT; Schema: public; Owner: osm
--

ALTER TABLE ONLY public."__EFMigrationsHistory"
    ADD CONSTRAINT "PK___EFMigrationsHistory" PRIMARY KEY ("MigrationId");


--
-- Name: EmailIndex; Type: INDEX; Schema: public; Owner: osm
--

CREATE INDEX "EmailIndex" ON public."AspNetUsers" USING btree ("NormalizedEmail");


--
-- Name: IX_AspNetRoleClaims_RoleId; Type: INDEX; Schema: public; Owner: osm
--

CREATE INDEX "IX_AspNetRoleClaims_RoleId" ON public."AspNetRoleClaims" USING btree ("RoleId");


--
-- Name: IX_AspNetUserClaims_UserId; Type: INDEX; Schema: public; Owner: osm
--

CREATE INDEX "IX_AspNetUserClaims_UserId" ON public."AspNetUserClaims" USING btree ("UserId");


--
-- Name: IX_AspNetUserLogins_UserId; Type: INDEX; Schema: public; Owner: osm
--

CREATE INDEX "IX_AspNetUserLogins_UserId" ON public."AspNetUserLogins" USING btree ("UserId");


--
-- Name: IX_AspNetUserRoles_RoleId; Type: INDEX; Schema: public; Owner: osm
--

CREATE INDEX "IX_AspNetUserRoles_RoleId" ON public."AspNetUserRoles" USING btree ("RoleId");


--
-- Name: IX_GameSessions_UserId; Type: INDEX; Schema: public; Owner: osm
--

CREATE INDEX "IX_GameSessions_UserId" ON public."GameSessions" USING btree ("UserId");


--
-- Name: IX_MapNodes_SessionId; Type: INDEX; Schema: public; Owner: osm
--

CREATE INDEX "IX_MapNodes_SessionId" ON public."MapNodes" USING btree ("SessionId");


--
-- Name: RoleNameIndex; Type: INDEX; Schema: public; Owner: osm
--

CREATE UNIQUE INDEX "RoleNameIndex" ON public."AspNetRoles" USING btree ("NormalizedName");


--
-- Name: UserNameIndex; Type: INDEX; Schema: public; Owner: osm
--

CREATE UNIQUE INDEX "UserNameIndex" ON public."AspNetUsers" USING btree ("NormalizedUserName");


--
-- Name: AspNetRoleClaims FK_AspNetRoleClaims_AspNetRoles_RoleId; Type: FK CONSTRAINT; Schema: public; Owner: osm
--

ALTER TABLE ONLY public."AspNetRoleClaims"
    ADD CONSTRAINT "FK_AspNetRoleClaims_AspNetRoles_RoleId" FOREIGN KEY ("RoleId") REFERENCES public."AspNetRoles"("Id") ON DELETE CASCADE;


--
-- Name: AspNetUserClaims FK_AspNetUserClaims_AspNetUsers_UserId; Type: FK CONSTRAINT; Schema: public; Owner: osm
--

ALTER TABLE ONLY public."AspNetUserClaims"
    ADD CONSTRAINT "FK_AspNetUserClaims_AspNetUsers_UserId" FOREIGN KEY ("UserId") REFERENCES public."AspNetUsers"("Id") ON DELETE CASCADE;


--
-- Name: AspNetUserLogins FK_AspNetUserLogins_AspNetUsers_UserId; Type: FK CONSTRAINT; Schema: public; Owner: osm
--

ALTER TABLE ONLY public."AspNetUserLogins"
    ADD CONSTRAINT "FK_AspNetUserLogins_AspNetUsers_UserId" FOREIGN KEY ("UserId") REFERENCES public."AspNetUsers"("Id") ON DELETE CASCADE;


--
-- Name: AspNetUserRoles FK_AspNetUserRoles_AspNetRoles_RoleId; Type: FK CONSTRAINT; Schema: public; Owner: osm
--

ALTER TABLE ONLY public."AspNetUserRoles"
    ADD CONSTRAINT "FK_AspNetUserRoles_AspNetRoles_RoleId" FOREIGN KEY ("RoleId") REFERENCES public."AspNetRoles"("Id") ON DELETE CASCADE;


--
-- Name: AspNetUserRoles FK_AspNetUserRoles_AspNetUsers_UserId; Type: FK CONSTRAINT; Schema: public; Owner: osm
--

ALTER TABLE ONLY public."AspNetUserRoles"
    ADD CONSTRAINT "FK_AspNetUserRoles_AspNetUsers_UserId" FOREIGN KEY ("UserId") REFERENCES public."AspNetUsers"("Id") ON DELETE CASCADE;


--
-- Name: AspNetUserTokens FK_AspNetUserTokens_AspNetUsers_UserId; Type: FK CONSTRAINT; Schema: public; Owner: osm
--

ALTER TABLE ONLY public."AspNetUserTokens"
    ADD CONSTRAINT "FK_AspNetUserTokens_AspNetUsers_UserId" FOREIGN KEY ("UserId") REFERENCES public."AspNetUsers"("Id") ON DELETE CASCADE;


--
-- Name: GameSessions FK_GameSessions_AspNetUsers_UserId; Type: FK CONSTRAINT; Schema: public; Owner: osm
--

ALTER TABLE ONLY public."GameSessions"
    ADD CONSTRAINT "FK_GameSessions_AspNetUsers_UserId" FOREIGN KEY ("UserId") REFERENCES public."AspNetUsers"("Id") ON DELETE CASCADE;


--
-- Name: MapNodes FK_MapNodes_GameSessions_SessionId; Type: FK CONSTRAINT; Schema: public; Owner: osm
--

ALTER TABLE ONLY public."MapNodes"
    ADD CONSTRAINT "FK_MapNodes_GameSessions_SessionId" FOREIGN KEY ("SessionId") REFERENCES public."GameSessions"("Id") ON DELETE CASCADE;


--
-- PostgreSQL database dump complete
--

